2025-03-06 14:12:29,979 - config - INFO - Loaded configuration from C:\Users\Hsh\Desktop\RIS-20250306\RIS_API_SERVER\config.json
2025-03-06 14:12:29,979 - app - INFO - Starting MATLAB engine...
2025-03-06 14:12:29,979 - utils.matlab_interface - INFO - Starting MATLAB engine...
2025-03-06 14:13:38,061 - utils.matlab_interface - INFO - Added MATLAB toolbox path: C:\Users\Hsh\Downloads\YTTEK_YTRS0289_release_2024_v1-20250206T045731Z-001\YTTEK_YTRS0289_release_2024_v1\release\UART\Tool
2025-03-06 14:13:38,062 - utils.matlab_interface - INFO - MATLAB engine started successfully
2025-03-06 14:13:38,064 - app - INFO - MATLAB engine started successfully
2025-03-06 14:13:38,075 - waitress - INFO - Serving on http://0.0.0.0:5000
2025-03-06 14:13:42,331 - app - INFO - Processing request with parameters: {'RIS_Case': 2, 'freq': 29.4, 'xi': 600.0, 'yi': 0.0, 'zi': 0.0, 'xr': 600.0, 'yr': 0.0, 'zr': 600.0, 'theta_i': 0.0, 'phi_i': 0.0, 'theta_r': 60.0, 'phi_r': 0.0, 'bits': 1.0, 'num_px': 1.0, 'num_py': 1.0, 'fig': 3.0, 'id_panel': '01', 'com_port': 14}
2025-03-06 14:13:42,333 - utils.ris_controller - INFO - Calculating phase using MATLAB
2025-03-06 14:13:42,333 - utils.matlab_interface - INFO - Calling MATLAB cal_ris_phs_p2p with freq=29.4, xi=600.0, yi=0.0, zi=0.0, xr=600.0, yr=0.0, zr=600.0, bits=1.0, num_px=1.0, num_py=1.0, fig=3.0
2025-03-06 14:13:54,739 - utils.matlab_interface - INFO - MATLAB cal_ris_phs_p2p calculation completed successfully
2025-03-06 14:13:54,739 - utils.ris_controller - INFO - Calculating voltage from phase
2025-03-06 14:13:54,739 - utils.matlab_interface - INFO - Adjusting phase with offset 60.0
2025-03-06 14:13:54,934 - utils.matlab_interface - INFO - Converting phase to voltage with freq=29.4
2025-03-06 14:14:02,507 - utils.matlab_interface - INFO - Voltage calculation completed successfully
2025-03-06 14:14:02,509 - utils.ris_controller - INFO - Sending to RIS device on COM14
2025-03-06 14:14:02,509 - utils.matlab_interface - INFO - Sending data to RIS on COM14 with panel ID 01
2025-03-06 14:14:05,373 - utils.matlab_interface - INFO - Data sent to RIS successfully
2025-03-06 14:27:00,518 - config - INFO - Loaded configuration from C:\Users\Hsh\Desktop\RIS-20250306\RIS_API_SERVER\config.json
2025-03-06 14:27:00,518 - app - INFO - Starting MATLAB engine...
2025-03-06 14:27:00,518 - utils.matlab_interface - INFO - Starting MATLAB engine...
2025-03-06 14:27:09,677 - utils.matlab_interface - INFO - Added MATLAB toolbox path: C:\Users\Hsh\Downloads\YTTEK_YTRS0289_release_2024_v1-20250206T045731Z-001\YTTEK_YTRS0289_release_2024_v1\release\UART\Tool
2025-03-06 14:27:09,677 - utils.matlab_interface - INFO - MATLAB engine started successfully
2025-03-06 14:27:09,677 - app - INFO - MATLAB engine started successfully
2025-03-06 14:27:09,677 - utils.matlab_ris_controller - INFO - MATLAB RIS控制器已初始化
2025-03-06 14:27:09,703 - waitress - INFO - Serving on http://0.0.0.0:5000
2025-03-06 14:27:34,921 - app - INFO - Processing request with parameters: {'RIS_Case': 2, 'freq': 29.4, 'xi': 600.0, 'yi': 0.0, 'zi': 0.0, 'xr': 600.0, 'yr': 0.0, 'zr': 600.0, 'theta_i': 0.0, 'phi_i': 0.0, 'theta_r': 60.0, 'phi_r': 0.0, 'bits': 1.0, 'num_px': 1.0, 'num_py': 1.0, 'fig': 3.0, 'id_panel': '01', 'com_port': 14, 'use_matlab': True}
2025-03-06 14:27:34,921 - app - INFO - Using MATLAB direct control (方案一)
2025-03-06 14:27:34,921 - utils.matlab_ris_controller - INFO - 開始計算RIS相位...
2025-03-06 14:27:34,921 - utils.matlab_ris_controller - ERROR - 相位計算錯誤: 'MatlabEngine' object has no attribute 'cal_ris_phs_p2p'
2025-03-06 14:27:34,921 - utils.matlab_ris_controller - ERROR - RIS控制過程出錯: 'MatlabEngine' object has no attribute 'cal_ris_phs_p2p'
Traceback (most recent call last):
  File "C:\Users\Hsh\Desktop\RIS-20250306\RIS_API_SERVER\utils\matlab_ris_controller.py", line 47, in process_and_send
    phs_out, phs_re = self._calculate_phase(params)
  File "C:\Users\Hsh\Desktop\RIS-20250306\RIS_API_SERVER\utils\matlab_ris_controller.py", line 85, in _calculate_phase
    return self.eng.cal_ris_phs_p2p(
AttributeError: 'MatlabEngine' object has no attribute 'cal_ris_phs_p2p'
2025-03-06 14:27:34,937 - app - ERROR - Error processing request: 'MatlabEngine' object has no attribute 'cal_ris_phs_p2p'
Traceback (most recent call last):
  File "C:\Users\Hsh\Desktop\RIS-20250306\RIS_API_SERVER\app.py", line 80, in set_ris
    result = matlab_ris_controller.process_and_send(params)
  File "C:\Users\Hsh\Desktop\RIS-20250306\RIS_API_SERVER\utils\matlab_ris_controller.py", line 47, in process_and_send
    phs_out, phs_re = self._calculate_phase(params)
  File "C:\Users\Hsh\Desktop\RIS-20250306\RIS_API_SERVER\utils\matlab_ris_controller.py", line 85, in _calculate_phase
    return self.eng.cal_ris_phs_p2p(
AttributeError: 'MatlabEngine' object has no attribute 'cal_ris_phs_p2p'
2025-03-06 14:31:08,397 - config - INFO - Loaded configuration from C:\Users\Hsh\Desktop\RIS-20250306\RIS_API_SERVER\config.json
2025-03-06 14:31:08,398 - app - INFO - Starting MATLAB engine...
2025-03-06 14:31:08,398 - utils.matlab_interface - INFO - Starting MATLAB engine...
2025-03-06 14:31:20,334 - utils.matlab_interface - INFO - Added MATLAB toolbox path: C:\Users\Hsh\Downloads\YTTEK_YTRS0289_release_2024_v1-20250206T045731Z-001\YTTEK_YTRS0289_release_2024_v1\release\UART\Tool
2025-03-06 14:31:20,338 - utils.matlab_interface - INFO - MATLAB engine started successfully
2025-03-06 14:31:20,340 - app - INFO - MATLAB engine started successfully
2025-03-06 14:31:20,341 - utils.matlab_ris_controller - INFO - MATLAB RIS控制器已初始化
2025-03-06 14:31:20,360 - waitress - INFO - Serving on http://0.0.0.0:5000
2025-03-06 14:31:22,662 - app - INFO - Processing request with parameters: {'RIS_Case': 2, 'freq': 29.4, 'xi': 600.0, 'yi': 0.0, 'zi': 0.0, 'xr': 600.0, 'yr': 0.0, 'zr': 600.0, 'theta_i': 0.0, 'phi_i': 0.0, 'theta_r': 60.0, 'phi_r': 0.0, 'bits': 1.0, 'num_px': 1.0, 'num_py': 1.0, 'fig': 3.0, 'id_panel': '01', 'com_port': 14, 'use_matlab': True}
2025-03-06 14:31:22,663 - app - INFO - Using MATLAB direct control (方案一)
2025-03-06 14:31:22,664 - utils.matlab_ris_controller - INFO - 開始計算RIS相位...
2025-03-06 14:31:30,213 - utils.matlab_ris_controller - INFO - 相位計算完成
2025-03-06 14:31:30,214 - utils.matlab_ris_controller - INFO - 開始計算電壓分布...
2025-03-06 14:31:32,601 - utils.matlab_ris_controller - INFO - 電壓計算完成
2025-03-06 14:31:32,601 - utils.matlab_ris_controller - INFO - 通過MATLAB發送數據到RIS (COM14)...
2025-03-06 14:31:34,063 - utils.matlab_ris_controller - INFO - 數據發送完成
2025-03-06 14:34:08,660 - app - INFO - Processing request with parameters: {'RIS_Case': 2, 'freq': 29.4, 'xi': 600.0, 'yi': 0.0, 'zi': 0.0, 'xr': 600.0, 'yr': 0.0, 'zr': 600.0, 'theta_i': 0.0, 'phi_i': 0.0, 'theta_r': 60.0, 'phi_r': 0.0, 'bits': 1.0, 'num_px': 1.0, 'num_py': 1.0, 'fig': 3.0, 'id_panel': '01', 'com_port': 14, 'use_matlab': True}
2025-03-06 14:34:08,662 - app - INFO - Using MATLAB direct control (方案一)
2025-03-06 14:34:08,663 - utils.matlab_ris_controller - INFO - 開始計算RIS相位...
2025-03-06 14:34:10,974 - utils.matlab_ris_controller - INFO - 相位計算完成
2025-03-06 14:34:10,975 - utils.matlab_ris_controller - INFO - 開始計算電壓分布...
2025-03-06 14:34:11,524 - utils.matlab_ris_controller - INFO - 電壓計算完成
2025-03-06 14:34:11,525 - utils.matlab_ris_controller - INFO - 通過MATLAB發送數據到RIS (COM14)...
2025-03-06 14:34:12,228 - utils.matlab_ris_controller - INFO - 數據發送完成
2025-03-06 14:34:26,386 - app - INFO - Processing request with parameters: {'RIS_Case': 2, 'freq': 29.4, 'xi': 600.0, 'yi': 0.0, 'zi': 0.0, 'xr': 0.0, 'yr': 0.0, 'zr': 0.0, 'theta_i': 0.0, 'phi_i': 0.0, 'theta_r': 60.0, 'phi_r': 0.0, 'bits': 1.0, 'num_px': 1.0, 'num_py': 1.0, 'fig': 3.0, 'id_panel': '01', 'com_port': 14, 'use_matlab': True}
2025-03-06 14:34:26,387 - app - INFO - Using MATLAB direct control (方案一)
2025-03-06 14:34:26,387 - utils.matlab_ris_controller - INFO - 開始計算RIS相位...
2025-03-06 14:34:28,151 - utils.matlab_ris_controller - INFO - 相位計算完成
2025-03-06 14:34:28,151 - utils.matlab_ris_controller - INFO - 開始計算電壓分布...
2025-03-06 14:34:28,572 - utils.matlab_ris_controller - INFO - 電壓計算完成
2025-03-06 14:34:28,574 - utils.matlab_ris_controller - INFO - 通過MATLAB發送數據到RIS (COM14)...
2025-03-06 14:34:29,153 - utils.matlab_ris_controller - INFO - 數據發送完成
2025-03-06 14:34:41,701 - app - INFO - Processing request with parameters: {'RIS_Case': 2, 'freq': 29.4, 'xi': 600.0, 'yi': 0.0, 'zi': 0.0, 'xr': 600.0, 'yr': 0.0, 'zr': 0.0, 'theta_i': 0.0, 'phi_i': 0.0, 'theta_r': 60.0, 'phi_r': 0.0, 'bits': 1.0, 'num_px': 1.0, 'num_py': 1.0, 'fig': 3.0, 'id_panel': '01', 'com_port': 14, 'use_matlab': False}
2025-03-06 14:34:41,703 - app - INFO - Using pre-calculated approach (方案二)
2025-03-06 14:34:41,703 - utils.ris_controller - INFO - Calculating phase using MATLAB
2025-03-06 14:34:41,704 - utils.matlab_interface - INFO - Calling MATLAB cal_ris_phs_p2p with freq=29.4, xi=600.0, yi=0.0, zi=0.0, xr=600.0, yr=0.0, zr=0.0, bits=1.0, num_px=1.0, num_py=1.0, fig=3.0
2025-03-06 14:34:43,691 - utils.matlab_interface - INFO - MATLAB cal_ris_phs_p2p calculation completed successfully
2025-03-06 14:34:43,692 - utils.ris_controller - INFO - Calculating voltage from phase
2025-03-06 14:34:43,693 - utils.matlab_interface - INFO - Adjusting phase with offset 60.0
2025-03-06 14:34:43,935 - utils.matlab_interface - INFO - Converting phase to voltage with freq=29.4
2025-03-06 14:34:44,110 - utils.matlab_interface - INFO - Voltage calculation completed successfully
2025-03-06 14:34:44,110 - utils.ris_controller - INFO - Sending to RIS device on COM14
2025-03-06 14:34:44,110 - utils.matlab_interface - INFO - Sending data to RIS on COM14 with panel ID 01
2025-03-06 14:34:44,675 - utils.matlab_interface - INFO - Data sent to RIS successfully
2025-03-06 14:35:16,888 - app - INFO - Processing request with parameters: {'RIS_Case': 2, 'freq': 29.4, 'xi': 0.0, 'yi': 0.0, 'zi': 0.0, 'xr': 600.0, 'yr': 0.0, 'zr': 0.0, 'theta_i': 0.0, 'phi_i': 0.0, 'theta_r': 60.0, 'phi_r': 0.0, 'bits': 1.0, 'num_px': 1.0, 'num_py': 1.0, 'fig': 3.0, 'id_panel': '01', 'com_port': 14, 'use_matlab': False}
2025-03-06 14:35:16,889 - app - INFO - Using pre-calculated approach (方案二)
2025-03-06 14:35:16,890 - utils.ris_controller - INFO - Calculating phase using MATLAB
2025-03-06 14:35:16,890 - utils.matlab_interface - INFO - Calling MATLAB cal_ris_phs_p2p with freq=29.4, xi=0.0, yi=0.0, zi=0.0, xr=600.0, yr=0.0, zr=0.0, bits=1.0, num_px=1.0, num_py=1.0, fig=3.0
2025-03-06 14:35:18,788 - utils.matlab_interface - INFO - MATLAB cal_ris_phs_p2p calculation completed successfully
2025-03-06 14:35:18,789 - utils.ris_controller - INFO - Calculating voltage from phase
2025-03-06 14:35:18,789 - utils.matlab_interface - INFO - Adjusting phase with offset 60.0
2025-03-06 14:35:19,045 - utils.matlab_interface - INFO - Converting phase to voltage with freq=29.4
2025-03-06 14:35:19,297 - utils.matlab_interface - INFO - Voltage calculation completed successfully
2025-03-06 14:35:19,298 - utils.ris_controller - INFO - Sending to RIS device on COM14
2025-03-06 14:35:19,298 - utils.matlab_interface - INFO - Sending data to RIS on COM14 with panel ID 01
2025-03-06 14:35:19,855 - utils.matlab_interface - INFO - Data sent to RIS successfully
2025-03-06 14:40:06,513 - config - INFO - Loaded configuration from C:\Users\Hsh\Desktop\RIS-20250306\RIS_API_SERVER\config.json
2025-03-06 14:40:06,513 - app - INFO - Starting MATLAB engine...
2025-03-06 14:40:06,513 - utils.matlab_interface - INFO - Starting MATLAB engine...
2025-03-06 14:40:18,305 - utils.matlab_interface - INFO - Added MATLAB toolbox path: C:\Users\Hsh\Downloads\YTTEK_YTRS0289_release_2024_v1-20250206T045731Z-001\YTTEK_YTRS0289_release_2024_v1\release\UART\Tool
2025-03-06 14:40:18,309 - utils.matlab_interface - INFO - MATLAB engine started successfully
2025-03-06 14:40:18,309 - app - INFO - MATLAB engine started successfully
2025-03-06 14:40:18,310 - utils.matlab_ris_controller - INFO - MATLAB RIS控制器已初始化
2025-03-06 14:40:18,321 - waitress - INFO - Serving on http://0.0.0.0:5000
2025-03-06 14:40:24,884 - app - INFO - Processing request with parameters: {'RIS_Case': 2, 'freq': 29.4, 'xi': 0.0, 'yi': 0.0, 'zi': 0.0, 'xr': 600.0, 'yr': 0.0, 'zr': 0.0, 'theta_i': 0.0, 'phi_i': 0.0, 'theta_r': 60.0, 'phi_r': 0.0, 'bits': 1.0, 'num_px': 1.0, 'num_py': 1.0, 'fig': 3.0, 'id_panel': '01', 'com_port': 14, 'use_matlab': False}
2025-03-06 14:40:24,886 - app - INFO - Using pre-calculated approach (方案二)
2025-03-06 14:40:24,887 - utils.ris_controller - INFO - Calculating phase using MATLAB
2025-03-06 14:40:24,887 - utils.matlab_interface - INFO - Calling MATLAB cal_ris_phs_p2p with freq=29.4, xi=0.0, yi=0.0, zi=0.0, xr=600.0, yr=0.0, zr=0.0, bits=1.0, num_px=1.0, num_py=1.0, fig=3.0
2025-03-06 14:40:30,354 - utils.matlab_interface - INFO - MATLAB cal_ris_phs_p2p calculation completed successfully
2025-03-06 14:40:30,355 - utils.ris_controller - INFO - Calculating voltage from phase
2025-03-06 14:40:30,355 - utils.matlab_interface - INFO - Adjusting phase with offset 60.0
2025-03-06 14:40:30,408 - utils.matlab_interface - INFO - Converting phase to voltage with freq=29.4
2025-03-06 14:40:32,366 - utils.matlab_interface - INFO - Voltage calculation completed successfully
2025-03-06 14:40:32,367 - utils.ris_controller - INFO - Sending to RIS device on COM14
2025-03-06 14:40:32,367 - utils.matlab_interface - INFO - Sending data to RIS on COM14 with panel ID 01
2025-03-06 14:40:33,916 - utils.matlab_interface - INFO - Data sent to RIS successfully
2025-03-06 14:40:59,462 - app - INFO - Processing request with parameters: {'RIS_Case': 2, 'freq': 29.4, 'xi': 0.0, 'yi': 0.0, 'zi': 0.0, 'xr': 600.0, 'yr': 0.0, 'zr': 0.0, 'theta_i': 0.0, 'phi_i': 0.0, 'theta_r': 60.0, 'phi_r': 0.0, 'bits': 1.0, 'num_px': 1.0, 'num_py': 1.0, 'fig': 3.0, 'id_panel': '01', 'com_port': 14, 'use_matlab': True}
2025-03-06 14:40:59,464 - app - INFO - Using MATLAB direct control (方案一)
2025-03-06 14:40:59,464 - utils.matlab_ris_controller - INFO - 開始計算RIS相位...
2025-03-06 14:41:01,230 - utils.matlab_ris_controller - INFO - 相位計算完成
2025-03-06 14:41:01,230 - utils.matlab_ris_controller - INFO - 開始計算電壓分布...
2025-03-06 14:41:01,729 - utils.matlab_ris_controller - INFO - 電壓計算完成
2025-03-06 14:41:01,729 - utils.matlab_ris_controller - INFO - 通過MATLAB發送數據到RIS (COM14)...
2025-03-06 14:41:02,275 - utils.matlab_ris_controller - INFO - 數據發送完成
2025-03-06 14:42:51,339 - config - INFO - Loaded configuration from C:\Users\Hsh\Desktop\RIS-20250306\RIS_API_SERVER\config.json
2025-03-06 14:42:51,340 - app - INFO - Starting MATLAB engine...
2025-03-06 14:42:51,341 - utils.matlab_interface - INFO - Starting MATLAB engine...
2025-03-06 14:43:01,999 - utils.matlab_interface - INFO - Added MATLAB toolbox path: C:\Users\Hsh\Downloads\YTTEK_YTRS0289_release_2024_v1-20250206T045731Z-001\YTTEK_YTRS0289_release_2024_v1\release\UART\Tool
2025-03-06 14:43:02,003 - utils.matlab_interface - INFO - MATLAB engine started successfully
2025-03-06 14:43:02,004 - app - INFO - MATLAB engine started successfully
2025-03-06 14:43:02,005 - utils.matlab_ris_controller - INFO - MATLAB RIS控制器已初始化
2025-03-06 14:43:02,021 - waitress - INFO - Serving on http://0.0.0.0:5000
2025-03-06 14:43:05,069 - app - INFO - Processing request with parameters: {'RIS_Case': 2, 'freq': 29.4, 'xi': 0.0, 'yi': 0.0, 'zi': 0.0, 'xr': 600.0, 'yr': 0.0, 'zr': 0.0, 'theta_i': 0.0, 'phi_i': 0.0, 'theta_r': 60.0, 'phi_r': 0.0, 'bits': 1.0, 'num_px': 1.0, 'num_py': 1.0, 'fig': 3.0, 'id_panel': '01', 'com_port': 14, 'use_matlab': True}
2025-03-06 14:43:05,070 - app - INFO - Using MATLAB direct control (方案一)
2025-03-06 14:43:05,070 - utils.matlab_ris_controller - INFO - 開始計算RIS相位...
2025-03-06 14:43:10,862 - utils.matlab_ris_controller - INFO - 相位計算完成
2025-03-06 14:43:10,863 - utils.matlab_ris_controller - INFO - 開始計算電壓分布...
2025-03-06 14:43:14,431 - utils.matlab_ris_controller - INFO - 電壓計算完成
2025-03-06 14:43:14,432 - utils.matlab_ris_controller - INFO - 通過MATLAB發送數據到RIS (COM14)...
2025-03-06 14:43:15,065 - utils.matlab_ris_controller - INFO - 數據發送完成
2025-03-06 14:43:15,076 - utils.matlab_ris_controller - ERROR - 矩陣轉換錯誤: 'matlab.double' object has no attribute 'tolist'
2025-03-06 14:43:33,660 - app - INFO - Processing request with parameters: {'RIS_Case': 2, 'freq': 29.4, 'xi': 0.0, 'yi': 0.0, 'zi': 0.0, 'xr': 600.0, 'yr': 0.0, 'zr': 0.0, 'theta_i': 0.0, 'phi_i': 0.0, 'theta_r': 60.0, 'phi_r': 0.0, 'bits': 5.0, 'num_px': 1.0, 'num_py': 1.0, 'fig': 3.0, 'id_panel': '01', 'com_port': 14, 'use_matlab': True}
2025-03-06 14:43:33,661 - app - INFO - Using MATLAB direct control (方案一)
2025-03-06 14:43:33,661 - utils.matlab_ris_controller - INFO - 開始計算RIS相位...
2025-03-06 14:43:35,586 - utils.matlab_ris_controller - INFO - 相位計算完成
2025-03-06 14:43:35,586 - utils.matlab_ris_controller - INFO - 開始計算電壓分布...
2025-03-06 14:43:36,122 - utils.matlab_ris_controller - INFO - 電壓計算完成
2025-03-06 14:43:36,122 - utils.matlab_ris_controller - INFO - 通過MATLAB發送數據到RIS (COM14)...
2025-03-06 14:43:36,647 - utils.matlab_ris_controller - INFO - 數據發送完成
2025-03-06 14:43:36,654 - utils.matlab_ris_controller - ERROR - 矩陣轉換錯誤: 'matlab.double' object has no attribute 'tolist'
2025-03-06 14:45:48,305 - config - INFO - Loaded configuration from C:\Users\Hsh\Desktop\RIS-20250306\RIS_API_SERVER\config.json
2025-03-06 14:45:48,306 - app - INFO - Starting MATLAB engine...
2025-03-06 14:45:48,306 - utils.matlab_interface - INFO - Starting MATLAB engine...
2025-03-06 14:45:56,585 - utils.matlab_interface - INFO - Added MATLAB toolbox path: C:\Users\Hsh\Downloads\YTTEK_YTRS0289_release_2024_v1-20250206T045731Z-001\YTTEK_YTRS0289_release_2024_v1\release\UART\Tool
2025-03-06 14:45:56,588 - utils.matlab_interface - INFO - MATLAB engine started successfully
2025-03-06 14:45:56,591 - app - INFO - MATLAB engine started successfully
2025-03-06 14:45:56,595 - utils.matlab_ris_controller - INFO - MATLAB RIS控制器已初始化
2025-03-06 14:45:56,609 - waitress - INFO - Serving on http://0.0.0.0:5000
2025-03-06 14:46:34,652 - app - INFO - Processing request with parameters: {'RIS_Case': 2, 'freq': 29.4, 'xi': 0.0, 'yi': 0.0, 'zi': 0.0, 'xr': 600.0, 'yr': 0.0, 'zr': 0.0, 'theta_i': 0.0, 'phi_i': 0.0, 'theta_r': 60.0, 'phi_r': 0.0, 'bits': 5.0, 'num_px': 1.0, 'num_py': 1.0, 'fig': 3.0, 'id_panel': '01', 'com_port': 14, 'use_matlab': True}
2025-03-06 14:46:34,653 - app - INFO - Using MATLAB direct control (方案一)
2025-03-06 14:46:34,653 - utils.matlab_ris_controller - INFO - 開始計算RIS相位...
2025-03-06 14:46:39,698 - utils.matlab_ris_controller - INFO - 相位計算完成
2025-03-06 14:46:39,698 - utils.matlab_ris_controller - INFO - 開始計算電壓分布...
2025-03-06 14:46:42,958 - utils.matlab_ris_controller - INFO - 電壓計算完成
2025-03-06 14:46:42,958 - utils.matlab_ris_controller - INFO - 通過MATLAB發送數據到RIS (COM14)...
2025-03-06 14:46:43,544 - utils.matlab_ris_controller - INFO - 數據發送完成
2025-03-06 14:46:43,550 - utils.matlab_ris_controller - INFO - 電壓矩陣大小: 20x20
2025-03-06 14:57:22,539 - config - INFO - Loaded configuration from C:\Users\Hsh\Desktop\RIS-20250306\RIS_API_SERVER\config.json
2025-03-06 14:57:22,539 - app - INFO - Starting MATLAB engine...
2025-03-06 14:57:22,539 - utils.matlab_interface - INFO - Starting MATLAB engine...
2025-03-06 14:57:40,359 - utils.matlab_interface - INFO - Added MATLAB toolbox path: YTTEK_YTRS0289_release_2024_v1/release/UART/Tool
2025-03-06 14:57:40,374 - utils.matlab_interface - INFO - MATLAB engine started successfully
2025-03-06 14:57:40,374 - app - INFO - MATLAB engine started successfully
2025-03-06 14:57:40,374 - utils.matlab_ris_controller - INFO - MATLAB RIS控制器已初始化
2025-03-06 14:57:40,400 - waitress - INFO - Serving on http://0.0.0.0:5000
2025-03-06 14:57:45,394 - app - INFO - Processing request with parameters: {'RIS_Case': 2, 'freq': 29.4, 'xi': 0.0, 'yi': 0.0, 'zi': 0.0, 'xr': 600.0, 'yr': 0.0, 'zr': 0.0, 'theta_i': 0.0, 'phi_i': 0.0, 'theta_r': 60.0, 'phi_r': 0.0, 'bits': 5.0, 'num_px': 1.0, 'num_py': 1.0, 'fig': 3.0, 'id_panel': '01', 'com_port': 14, 'use_matlab': True}
2025-03-06 14:57:45,394 - app - INFO - Using MATLAB direct control (方案一)
2025-03-06 14:57:45,394 - utils.matlab_ris_controller - INFO - 開始計算RIS相位...
2025-03-06 14:57:51,805 - utils.matlab_ris_controller - INFO - 相位計算完成
2025-03-06 14:57:51,805 - utils.matlab_ris_controller - INFO - 開始計算電壓分布...
2025-03-06 14:57:56,052 - utils.matlab_ris_controller - INFO - 電壓計算完成
2025-03-06 14:57:56,053 - utils.matlab_ris_controller - INFO - 通過MATLAB發送數據到RIS (COM14)...
2025-03-06 14:57:56,771 - utils.matlab_ris_controller - INFO - 數據發送完成
2025-03-06 14:57:56,775 - utils.matlab_ris_controller - INFO - 電壓矩陣大小: 20x20
2025-03-06 15:01:00,659 - app - INFO - Processing request with parameters: {'RIS_Case': 2, 'freq': 29.4, 'xi': 0.0, 'yi': 0.0, 'zi': 0.0, 'xr': 600.0, 'yr': 0.0, 'zr': 0.0, 'theta_i': 0.0, 'phi_i': 0.0, 'theta_r': 60.0, 'phi_r': 0.0, 'bits': 5.0, 'num_px': 1.0, 'num_py': 1.0, 'fig': 3.0, 'id_panel': '01', 'com_port': 14, 'use_matlab': False}
2025-03-06 15:01:00,664 - app - INFO - Using pre-calculated approach (方案二)
2025-03-06 15:01:00,664 - utils.ris_controller - INFO - Calculating phase using MATLAB
2025-03-06 15:01:00,665 - utils.matlab_interface - INFO - Calling MATLAB cal_ris_phs_p2p with freq=29.4, xi=0.0, yi=0.0, zi=0.0, xr=600.0, yr=0.0, zr=0.0, bits=5.0, num_px=1.0, num_py=1.0, fig=3.0
2025-03-06 15:01:03,405 - utils.matlab_interface - INFO - MATLAB cal_ris_phs_p2p calculation completed successfully
2025-03-06 15:01:03,406 - utils.ris_controller - INFO - Calculating voltage from phase
2025-03-06 15:01:03,407 - utils.matlab_interface - INFO - Adjusting phase with offset 60.0
2025-03-06 15:01:03,414 - utils.matlab_interface - INFO - Converting phase to voltage with freq=29.4
2025-03-06 15:01:04,078 - utils.matlab_interface - INFO - Voltage calculation completed successfully
2025-03-06 15:01:04,078 - utils.ris_controller - INFO - Sending to RIS device on COM14
2025-03-06 15:01:04,079 - utils.matlab_interface - INFO - Sending data to RIS on COM14 with panel ID 01
2025-03-06 15:01:04,804 - utils.matlab_interface - INFO - Data sent to RIS successfully
2025-03-06 15:01:38,088 - app - INFO - Processing request with parameters: {'RIS_Case': 2, 'freq': 29.4, 'xi': 0.0, 'yi': 0.0, 'zi': 0.0, 'xr': 600.0, 'yr': 0.0, 'zr': 0.0, 'theta_i': 0.0, 'phi_i': 0.0, 'theta_r': 60.0, 'phi_r': 0.0, 'bits': 5.0, 'num_px': 1.0, 'num_py': 1.0, 'fig': 3.0, 'id_panel': '01', 'com_port': 14, 'use_matlab': False}
2025-03-06 15:01:38,090 - app - INFO - Using pre-calculated approach (方案二)
2025-03-06 15:01:38,090 - utils.ris_controller - INFO - Calculating phase using MATLAB
2025-03-06 15:01:38,091 - utils.matlab_interface - INFO - Calling MATLAB cal_ris_phs_p2p with freq=29.4, xi=0.0, yi=0.0, zi=0.0, xr=600.0, yr=0.0, zr=0.0, bits=5.0, num_px=1.0, num_py=1.0, fig=3.0
2025-03-06 15:01:40,100 - utils.matlab_interface - INFO - MATLAB cal_ris_phs_p2p calculation completed successfully
2025-03-06 15:01:40,100 - utils.ris_controller - INFO - Calculating voltage from phase
2025-03-06 15:01:40,101 - utils.matlab_interface - INFO - Adjusting phase with offset 60.0
2025-03-06 15:01:40,365 - utils.matlab_interface - INFO - Converting phase to voltage with freq=29.4
2025-03-06 15:01:40,614 - utils.matlab_interface - INFO - Voltage calculation completed successfully
2025-03-06 15:01:40,615 - utils.ris_controller - INFO - Sending to RIS device on COM14
2025-03-06 15:01:40,615 - utils.matlab_interface - INFO - Sending data to RIS on COM14 with panel ID 01
2025-03-06 15:01:41,151 - utils.matlab_interface - INFO - Data sent to RIS successfully
2025-03-06 15:01:53,455 - app - INFO - Processing request with parameters: {'RIS_Case': 2, 'freq': 29.4, 'xi': 0.0, 'yi': 0.0, 'zi': 0.0, 'xr': 600.0, 'yr': 0.0, 'zr': 0.0, 'theta_i': 0.0, 'phi_i': 0.0, 'theta_r': 60.0, 'phi_r': 0.0, 'bits': 5.0, 'num_px': 1.0, 'num_py': 1.0, 'fig': 3.0, 'id_panel': '01', 'com_port': 14, 'use_matlab': False}
2025-03-06 15:01:53,457 - app - INFO - Using pre-calculated approach (方案二)
2025-03-06 15:01:53,457 - utils.ris_controller - INFO - Calculating phase using MATLAB
2025-03-06 15:01:53,457 - utils.matlab_interface - INFO - Calling MATLAB cal_ris_phs_p2p with freq=29.4, xi=0.0, yi=0.0, zi=0.0, xr=600.0, yr=0.0, zr=0.0, bits=5.0, num_px=1.0, num_py=1.0, fig=3.0
2025-03-06 15:01:55,103 - utils.matlab_interface - INFO - MATLAB cal_ris_phs_p2p calculation completed successfully
2025-03-06 15:01:55,104 - utils.ris_controller - INFO - Calculating voltage from phase
2025-03-06 15:01:55,104 - utils.matlab_interface - INFO - Adjusting phase with offset 60.0
2025-03-06 15:01:55,354 - utils.matlab_interface - INFO - Converting phase to voltage with freq=29.4
2025-03-06 15:01:55,509 - utils.matlab_interface - INFO - Voltage calculation completed successfully
2025-03-06 15:01:55,510 - utils.ris_controller - INFO - Sending to RIS device on COM14
2025-03-06 15:01:55,511 - utils.matlab_interface - INFO - Sending data to RIS on COM14 with panel ID 01
2025-03-06 15:01:56,043 - utils.matlab_interface - INFO - Data sent to RIS successfully
2025-03-06 15:07:47,638 - app - INFO - Processing request with parameters: {'RIS_Case': 2, 'freq': 28.0, 'xi': 10.5, 'yi': 5.2, 'zi': 2.3, 'xr': 15.7, 'yr': 8.9, 'zr': 3.1, 'theta_i': 0.0, 'phi_i': 0.0, 'theta_r': 60.0, 'phi_r': 0.0, 'bits': 8.0, 'num_px': 1.0, 'num_py': 1.0, 'fig': 1.0, 'id_panel': '01', 'com_port': 14, 'use_matlab': True}
2025-03-06 15:07:47,640 - app - INFO - Using MATLAB direct control (方案一)
2025-03-06 15:07:47,641 - utils.matlab_ris_controller - INFO - 開始計算RIS相位...
2025-03-06 15:07:47,931 - utils.matlab_ris_controller - INFO - 相位計算完成
2025-03-06 15:07:47,932 - utils.matlab_ris_controller - INFO - 開始計算電壓分布...
2025-03-06 15:07:48,208 - utils.matlab_ris_controller - INFO - 電壓計算完成
2025-03-06 15:07:48,209 - utils.matlab_ris_controller - INFO - 通過MATLAB發送數據到RIS (COM14)...
2025-03-06 15:07:48,750 - utils.matlab_ris_controller - INFO - 數據發送完成
2025-03-06 15:07:48,752 - utils.matlab_ris_controller - INFO - 電壓矩陣大小: 20x20
2025-03-06 15:20:02,787 - config - INFO - Loaded configuration from C:\Users\Hsh\Desktop\RIS-20250306\RIS_API_SERVER\config.json
2025-03-06 15:20:02,788 - app - INFO - Starting MATLAB engine...
2025-03-06 15:20:02,788 - utils.matlab_interface - INFO - Starting MATLAB engine...
2025-03-06 15:20:13,781 - utils.matlab_interface - INFO - Added MATLAB toolbox path: YTTEK_YTRS0289_release_2024_v1/release/UART/Tool
2025-03-06 15:20:13,783 - utils.matlab_interface - INFO - MATLAB engine started successfully
2025-03-06 15:20:13,784 - app - INFO - MATLAB engine started successfully
2025-03-06 15:20:13,785 - utils.matlab_ris_controller - INFO - MATLAB RIS控制器已初始化
2025-03-06 15:20:13,798 - waitress - INFO - Serving on http://0.0.0.0:5000
2025-03-06 15:20:17,725 - app - INFO - Processing request with parameters: {'RIS_Case': 2, 'freq': 28.0, 'xi': 10.5, 'yi': 5.2, 'zi': 2.3, 'xr': 15.7, 'yr': 8.9, 'zr': 3.1, 'theta_i': 0.0, 'phi_i': 0.0, 'theta_r': 60.0, 'phi_r': 0.0, 'bits': 8.0, 'num_px': 1.0, 'num_py': 1.0, 'fig': 1.0, 'id_panel': '01', 'com_port': 14, 'use_matlab': True}
2025-03-06 15:20:17,726 - app - INFO - Using MATLAB direct control (方案一)
2025-03-06 15:20:17,728 - utils.matlab_ris_controller - INFO - 開始計算RIS相位...
2025-03-06 15:20:21,218 - utils.matlab_ris_controller - INFO - 相位計算完成
2025-03-06 15:20:21,219 - utils.matlab_ris_controller - INFO - 開始計算電壓分布...
2025-03-06 15:20:24,485 - utils.matlab_ris_controller - INFO - 電壓計算完成
2025-03-06 15:20:24,486 - utils.matlab_ris_controller - INFO - 通過MATLAB發送數據到RIS (COM14)...
2025-03-06 15:20:25,129 - utils.matlab_ris_controller - INFO - 數據發送完成
2025-03-06 15:20:25,132 - utils.matlab_ris_controller - INFO - 電壓矩陣大小: 20x20
2025-03-06 15:20:40,511 - config - INFO - Loaded configuration from C:\Users\Hsh\Desktop\RIS-20250306\RIS_API_SERVER\config.json
2025-03-06 15:20:40,512 - app - INFO - Starting MATLAB engine...
2025-03-06 15:20:40,512 - utils.matlab_interface - INFO - Starting MATLAB engine...
2025-03-06 15:20:48,201 - utils.matlab_interface - INFO - Added MATLAB toolbox path: YTTEK_YTRS0289_release_2024_v1/release/UART/Tool
2025-03-06 15:20:48,203 - utils.matlab_interface - INFO - MATLAB engine started successfully
2025-03-06 15:20:48,205 - app - INFO - MATLAB engine started successfully
2025-03-06 15:20:48,205 - utils.matlab_ris_controller - INFO - MATLAB RIS控制器已初始化
2025-03-06 15:20:48,215 - waitress - INFO - Serving on http://0.0.0.0:5000
2025-03-06 15:20:53,302 - app - INFO - Processing request with parameters: {'RIS_Case': 2, 'freq': 28.0, 'xi': 10.5, 'yi': 5.2, 'zi': 2.3, 'xr': 15.7, 'yr': 8.9, 'zr': 3.1, 'theta_i': 0.0, 'phi_i': 0.0, 'theta_r': 60.0, 'phi_r': 0.0, 'bits': 8.0, 'num_px': 1.0, 'num_py': 1.0, 'fig': 3.0, 'id_panel': '01', 'com_port': 14, 'use_matlab': True}
2025-03-06 15:20:53,303 - app - INFO - Using MATLAB direct control (方案一)
2025-03-06 15:20:53,304 - utils.matlab_ris_controller - INFO - 開始計算RIS相位...
2025-03-06 15:20:59,450 - utils.matlab_ris_controller - INFO - 相位計算完成
2025-03-06 15:20:59,451 - utils.matlab_ris_controller - INFO - 開始計算電壓分布...
2025-03-06 15:21:02,928 - utils.matlab_ris_controller - INFO - 電壓計算完成
2025-03-06 15:21:02,929 - utils.matlab_ris_controller - INFO - 通過MATLAB發送數據到RIS (COM14)...
2025-03-06 15:21:03,584 - utils.matlab_ris_controller - INFO - 數據發送完成
2025-03-06 15:21:03,589 - utils.matlab_ris_controller - INFO - 電壓矩陣大小: 20x20
2025-03-06 15:21:21,494 - app - INFO - Processing request with parameters: {'RIS_Case': 2, 'freq': 28.0, 'xi': 10.5, 'yi': 5.2, 'zi': 2.3, 'xr': 15.7, 'yr': 8.9, 'zr': 3.1, 'theta_i': 0.0, 'phi_i': 0.0, 'theta_r': 60.0, 'phi_r': 0.0, 'bits': 8.0, 'num_px': 1.0, 'num_py': 1.0, 'fig': 3.0, 'id_panel': '01', 'com_port': 14, 'use_matlab': True}
2025-03-06 15:21:21,495 - app - INFO - Using MATLAB direct control (方案一)
2025-03-06 15:21:21,495 - utils.matlab_ris_controller - INFO - 開始計算RIS相位...
2025-03-06 15:21:23,254 - utils.matlab_ris_controller - INFO - 相位計算完成
2025-03-06 15:21:23,255 - utils.matlab_ris_controller - INFO - 開始計算電壓分布...
2025-03-06 15:21:23,790 - utils.matlab_ris_controller - INFO - 電壓計算完成
2025-03-06 15:21:23,792 - utils.matlab_ris_controller - INFO - 通過MATLAB發送數據到RIS (COM14)...
2025-03-06 15:21:24,348 - utils.matlab_ris_controller - INFO - 數據發送完成
2025-03-06 15:21:24,349 - utils.matlab_ris_controller - INFO - 電壓矩陣大小: 20x20
2025-03-06 15:23:50,589 - config - INFO - Loaded configuration from C:\Users\Hsh\Desktop\RIS-20250306\RIS_API_SERVER\config.json
2025-03-06 15:23:50,589 - app - INFO - Starting MATLAB engine...
2025-03-06 15:23:50,589 - utils.matlab_interface - INFO - Starting MATLAB engine...
2025-03-06 15:24:00,021 - utils.matlab_interface - INFO - Added MATLAB toolbox path: YTTEK_YTRS0289_release_2024_v1/release/UART/Tool
2025-03-06 15:24:00,027 - utils.matlab_interface - INFO - MATLAB engine started successfully
2025-03-06 15:24:00,028 - app - INFO - MATLAB engine started successfully
2025-03-06 15:24:00,031 - utils.matlab_ris_controller - INFO - MATLAB RIS控制器已初始化
2025-03-06 15:24:00,091 - waitress - INFO - Serving on http://0.0.0.0:5000
2025-03-06 15:24:09,517 - app - INFO - Processing request with parameters: {'RIS_Case': 2, 'freq': 28.0, 'xi': 10.5, 'yi': 5.2, 'zi': 2.3, 'xr': 15.7, 'yr': 8.9, 'zr': 3.1, 'theta_i': 0.0, 'phi_i': 0.0, 'theta_r': 60.0, 'phi_r': 0.0, 'bits': 8.0, 'num_px': 1.0, 'num_py': 1.0, 'fig': 3.0, 'id_panel': '01', 'com_port': 14, 'use_matlab': True}
2025-03-06 15:24:09,518 - app - INFO - Using MATLAB direct control (方案一)
2025-03-06 15:24:09,518 - utils.matlab_ris_controller - INFO - 開始計算RIS相位...
2025-03-06 15:24:14,881 - utils.matlab_ris_controller - INFO - 相位計算完成
2025-03-06 15:24:14,882 - utils.matlab_ris_controller - INFO - 開始計算電壓分布...
2025-03-06 15:24:19,360 - utils.matlab_ris_controller - INFO - 電壓計算完成
2025-03-06 15:24:19,361 - utils.matlab_ris_controller - INFO - 通過MATLAB發送數據到RIS (COM14)...
2025-03-06 15:24:19,965 - utils.matlab_ris_controller - INFO - 數據發送完成
2025-03-06 15:24:19,968 - utils.matlab_ris_controller - INFO - 電壓矩陣大小: 20x20
2025-03-06 15:24:33,152 - app - INFO - Processing request with parameters: {'RIS_Case': 2, 'freq': 28.0, 'xi': 10.5, 'yi': 5.2, 'zi': 2.3, 'xr': 15.7, 'yr': 80.0, 'zr': 3.1, 'theta_i': 0.0, 'phi_i': 0.0, 'theta_r': 60.0, 'phi_r': 0.0, 'bits': 8.0, 'num_px': 1.0, 'num_py': 1.0, 'fig': 3.0, 'id_panel': '01', 'com_port': 14, 'use_matlab': True}
2025-03-06 15:24:33,153 - app - INFO - Using MATLAB direct control (方案一)
2025-03-06 15:24:33,154 - utils.matlab_ris_controller - INFO - 開始計算RIS相位...
2025-03-06 15:24:35,110 - utils.matlab_ris_controller - INFO - 相位計算完成
2025-03-06 15:24:35,111 - utils.matlab_ris_controller - INFO - 開始計算電壓分布...
2025-03-06 15:24:35,634 - utils.matlab_ris_controller - INFO - 電壓計算完成
2025-03-06 15:24:35,634 - utils.matlab_ris_controller - INFO - 通過MATLAB發送數據到RIS (COM14)...
2025-03-06 15:24:36,340 - utils.matlab_ris_controller - INFO - 數據發送完成
2025-03-06 15:24:36,341 - utils.matlab_ris_controller - INFO - 電壓矩陣大小: 20x20
2025-03-06 15:31:35,161 - app - INFO - Processing request with parameters: {'RIS_Case': 2, 'freq': 28.0, 'xi': 10.5, 'yi': 5.2, 'zi': 2.3, 'xr': 15.7, 'yr': 0.0, 'zr': 3.1, 'theta_i': 0.0, 'phi_i': 0.0, 'theta_r': 60.0, 'phi_r': 0.0, 'bits': 8.0, 'num_px': 1.0, 'num_py': 1.0, 'fig': 3.0, 'id_panel': '01', 'com_port': 14, 'use_matlab': True}
2025-03-06 15:31:35,165 - app - INFO - Using MATLAB direct control (方案一)
2025-03-06 15:31:35,166 - utils.matlab_ris_controller - INFO - 開始計算RIS相位...
2025-03-06 15:31:38,307 - utils.matlab_ris_controller - INFO - 相位計算完成
2025-03-06 15:31:38,308 - utils.matlab_ris_controller - INFO - 開始計算電壓分布...
2025-03-06 15:31:39,122 - utils.matlab_ris_controller - INFO - 電壓計算完成
2025-03-06 15:31:39,123 - utils.matlab_ris_controller - INFO - 通過MATLAB發送數據到RIS (COM14)...
2025-03-06 15:31:39,742 - utils.matlab_ris_controller - INFO - 數據發送完成
2025-03-06 15:31:39,744 - utils.matlab_ris_controller - INFO - 電壓矩陣大小: 20x20
2025-03-06 15:33:06,933 - config - INFO - Loaded configuration from C:\Users\Hsh\Desktop\RIS-20250306\RIS_API_SERVER\config.json
2025-03-06 15:33:06,933 - app - INFO - Starting MATLAB engine...
2025-03-06 15:33:06,934 - utils.matlab_interface - INFO - Starting MATLAB engine...
2025-03-06 15:33:17,370 - utils.matlab_interface - INFO - Added MATLAB toolbox path: YTTEK_YTRS0289_release_2024_v1/release/UART/Tool
2025-03-06 15:33:17,372 - utils.matlab_interface - INFO - MATLAB engine started successfully
2025-03-06 15:33:17,372 - app - INFO - MATLAB engine started successfully
2025-03-06 15:33:17,373 - utils.matlab_ris_controller - INFO - MATLAB RIS控制器已初始化
2025-03-06 15:33:17,393 - waitress - INFO - Serving on http://0.0.0.0:5000
2025-03-06 15:33:22,697 - app - INFO - Processing request with parameters: {'RIS_Case': 2, 'freq': 28.0, 'xi': 10.5, 'yi': 5.2, 'zi': 2.3, 'xr': 15.7, 'yr': 80.0, 'zr': 3.1, 'theta_i': 0.0, 'phi_i': 0.0, 'theta_r': 60.0, 'phi_r': 0.0, 'bits': 8.0, 'num_px': 1.0, 'num_py': 1.0, 'fig': 3.0, 'id_panel': '01', 'com_port': 14, 'use_matlab': True}
2025-03-06 15:33:22,699 - app - INFO - Using MATLAB direct control (方案一)
2025-03-06 15:33:22,699 - utils.matlab_ris_controller - INFO - 開始計算RIS相位...
2025-03-06 15:33:28,956 - utils.matlab_ris_controller - INFO - 相位計算完成
2025-03-06 15:33:28,956 - utils.matlab_ris_controller - INFO - 開始計算電壓分布...
2025-03-06 15:33:33,214 - utils.matlab_ris_controller - INFO - 電壓計算完成
2025-03-06 15:33:33,214 - utils.matlab_ris_controller - INFO - 通過MATLAB發送數據到RIS (COM14)...
2025-03-06 15:33:33,890 - utils.matlab_ris_controller - INFO - 數據發送完成
2025-03-06 15:33:33,895 - utils.matlab_ris_controller - INFO - 電壓矩陣大小: 20x20
2025-03-06 15:33:49,357 - app - INFO - Processing request with parameters: {'RIS_Case': 2, 'freq': 28.0, 'xi': 10.5, 'yi': 5.2, 'zi': 2.3, 'xr': 15.7, 'yr': 80.0, 'zr': 3.1, 'theta_i': 0.0, 'phi_i': 0.0, 'theta_r': 60.0, 'phi_r': 0.0, 'bits': 8.0, 'num_px': 1.0, 'num_py': 1.0, 'fig': 3.0, 'id_panel': '01', 'com_port': 14, 'use_matlab': True}
2025-03-06 15:33:49,357 - app - INFO - Using MATLAB direct control (方案一)
2025-03-06 15:33:49,358 - utils.matlab_ris_controller - INFO - 開始計算RIS相位...
2025-03-06 15:33:51,390 - utils.matlab_ris_controller - INFO - 相位計算完成
2025-03-06 15:33:51,390 - utils.matlab_ris_controller - INFO - 開始計算電壓分布...
2025-03-06 15:33:52,115 - utils.matlab_ris_controller - INFO - 電壓計算完成
2025-03-06 15:33:52,116 - utils.matlab_ris_controller - INFO - 通過MATLAB發送數據到RIS (COM14)...
2025-03-06 15:33:52,637 - utils.matlab_ris_controller - INFO - 數據發送完成
2025-03-06 15:33:52,638 - utils.matlab_ris_controller - INFO - 電壓矩陣大小: 20x20
2025-03-06 15:37:28,603 - config - INFO - Loaded configuration from C:\Users\Hsh\Desktop\RIS-20250306\RIS_API_SERVER\config.json
2025-03-06 15:37:28,603 - app - INFO - Starting MATLAB engine...
2025-03-06 15:37:28,603 - utils.matlab_interface - INFO - Starting MATLAB engine...
2025-03-06 15:37:38,473 - utils.matlab_interface - INFO - Added MATLAB toolbox path: YTTEK_YTRS0289_release_2024_v1/release/UART/Tool
2025-03-06 15:37:38,475 - utils.matlab_interface - INFO - MATLAB engine started successfully
2025-03-06 15:37:38,475 - app - INFO - MATLAB engine started successfully
2025-03-06 15:37:38,476 - utils.matlab_ris_controller - INFO - MATLAB RIS控制器已初始化
2025-03-06 15:37:38,486 - waitress - INFO - Serving on http://0.0.0.0:5000
2025-03-06 15:37:45,451 - app - INFO - Processing request with parameters: {'RIS_Case': 2, 'freq': 28.0, 'xi': 10.5, 'yi': 5.2, 'zi': 2.3, 'xr': 15.7, 'yr': 80.0, 'zr': 3.1, 'theta_i': 0.0, 'phi_i': 0.0, 'theta_r': 60.0, 'phi_r': 0.0, 'bits': 8.0, 'num_px': 1.0, 'num_py': 1.0, 'fig': 3.0, 'id_panel': '01', 'com_port': 14, 'use_matlab': True}
2025-03-06 15:37:45,452 - app - INFO - Using MATLAB direct control (方案一)
2025-03-06 15:37:45,452 - utils.matlab_ris_controller - INFO - 開始計算RIS相位...
2025-03-06 15:37:51,959 - utils.matlab_ris_controller - INFO - 相位計算完成
2025-03-06 15:37:51,959 - utils.matlab_ris_controller - INFO - 開始計算電壓分布...
2025-03-06 15:37:58,062 - utils.matlab_ris_controller - INFO - 電壓計算完成
2025-03-06 15:37:58,062 - utils.matlab_ris_controller - INFO - 通過MATLAB發送數據到RIS (COM14)...
2025-03-06 15:37:58,689 - utils.matlab_ris_controller - INFO - 數據發送完成
2025-03-06 15:37:58,695 - utils.matlab_ris_controller - INFO - 電壓矩陣大小: 20x20
2025-03-06 15:38:20,948 - app - INFO - Processing request with parameters: {'RIS_Case': 2, 'freq': 28.0, 'xi': 10.5, 'yi': 5.2, 'zi': 2.3, 'xr': 15.7, 'yr': 80.0, 'zr': 3.1, 'theta_i': 0.0, 'phi_i': 0.0, 'theta_r': 60.0, 'phi_r': 0.0, 'bits': 8.0, 'num_px': 1.0, 'num_py': 1.0, 'fig': 3.0, 'id_panel': '01', 'com_port': 14, 'use_matlab': True}
2025-03-06 15:38:20,949 - app - INFO - Using MATLAB direct control (方案一)
2025-03-06 15:38:20,949 - utils.matlab_ris_controller - INFO - 開始計算RIS相位...
2025-03-06 15:38:23,451 - utils.matlab_ris_controller - INFO - 相位計算完成
2025-03-06 15:38:23,452 - utils.matlab_ris_controller - INFO - 開始計算電壓分布...
2025-03-06 15:38:24,799 - utils.matlab_ris_controller - INFO - 電壓計算完成
2025-03-06 15:38:24,800 - utils.matlab_ris_controller - INFO - 通過MATLAB發送數據到RIS (COM14)...
2025-03-06 15:38:25,391 - utils.matlab_ris_controller - INFO - 數據發送完成
2025-03-06 15:38:25,392 - utils.matlab_ris_controller - INFO - 電壓矩陣大小: 20x20
2025-03-06 15:40:50,014 - config - INFO - Loaded configuration from C:\Users\Hsh\Desktop\RIS-20250306\RIS_API_SERVER\config.json
2025-03-06 15:40:50,014 - app - INFO - Starting MATLAB engine...
2025-03-06 15:40:50,014 - utils.matlab_interface - INFO - Starting MATLAB engine...
2025-03-06 15:40:58,881 - utils.matlab_interface - INFO - Added MATLAB toolbox path: YTTEK_YTRS0289_release_2024_v1/release/UART/Tool
2025-03-06 15:40:58,883 - utils.matlab_interface - INFO - MATLAB engine started successfully
2025-03-06 15:40:58,883 - app - INFO - MATLAB engine started successfully
2025-03-06 15:40:58,884 - utils.matlab_ris_controller - INFO - MATLAB RIS控制器已初始化
2025-03-06 15:40:58,913 - waitress - INFO - Serving on http://0.0.0.0:5000
2025-03-06 15:41:03,476 - app - INFO - Processing request with parameters: {'RIS_Case': 2, 'freq': 28.0, 'xi': 10.5, 'yi': 5.2, 'zi': 2.3, 'xr': 15.7, 'yr': 80.0, 'zr': 3.1, 'theta_i': 0.0, 'phi_i': 0.0, 'theta_r': 60.0, 'phi_r': 0.0, 'bits': 8.0, 'num_px': 1.0, 'num_py': 1.0, 'fig': 3.0, 'id_panel': '01', 'com_port': 14, 'use_matlab': True}
2025-03-06 15:41:03,477 - app - INFO - Using MATLAB direct control (方案一)
2025-03-06 15:41:03,477 - utils.matlab_ris_controller - INFO - 開始計算RIS相位...
2025-03-06 15:41:09,374 - utils.matlab_ris_controller - INFO - 相位計算完成
2025-03-06 15:41:09,375 - utils.matlab_ris_controller - INFO - 開始計算電壓分布...
2025-03-06 15:41:12,862 - utils.matlab_ris_controller - INFO - 電壓計算完成
2025-03-06 15:41:12,863 - utils.matlab_ris_controller - INFO - 通過MATLAB發送數據到RIS (COM14)...
2025-03-06 15:41:13,478 - utils.matlab_ris_controller - INFO - 數據發送完成
2025-03-06 15:41:13,483 - utils.matlab_ris_controller - INFO - 電壓矩陣大小: 20x20
2025-03-06 15:43:58,579 - config - INFO - Loaded configuration from C:\Users\Hsh\Desktop\RIS-20250306\RIS_API_SERVER\config.json
2025-03-06 15:43:58,579 - app - INFO - Starting MATLAB engine...
2025-03-06 15:43:58,579 - utils.matlab_interface - INFO - Starting MATLAB engine...
2025-03-06 15:44:07,177 - utils.matlab_interface - INFO - Added MATLAB toolbox path: YTTEK_YTRS0289_release_2024_v1/release/UART/Tool
2025-03-06 15:44:07,180 - utils.matlab_interface - INFO - MATLAB engine started successfully
2025-03-06 15:44:07,181 - app - INFO - MATLAB engine started successfully
2025-03-06 15:44:07,183 - utils.matlab_ris_controller - INFO - MATLAB RIS控制器已初始化
2025-03-06 15:44:07,194 - waitress - INFO - Serving on http://0.0.0.0:5000
2025-03-06 15:44:12,230 - app - INFO - Processing request with parameters: {'RIS_Case': 2, 'freq': 28.0, 'xi': 10.5, 'yi': 5.2, 'zi': 2.3, 'xr': 15.7, 'yr': 80.0, 'zr': 3.1, 'theta_i': 0.0, 'phi_i': 0.0, 'theta_r': 60.0, 'phi_r': 0.0, 'bits': 8.0, 'num_px': 1.0, 'num_py': 1.0, 'fig': 3.0, 'id_panel': '01', 'com_port': 14, 'use_matlab': True}
2025-03-06 15:44:12,231 - app - INFO - Using MATLAB direct control (方案一)
2025-03-06 15:44:12,231 - utils.matlab_ris_controller - INFO - 開始計算RIS相位...
2025-03-06 15:44:17,716 - utils.matlab_ris_controller - INFO - 相位計算完成
2025-03-06 15:44:17,717 - utils.matlab_ris_controller - INFO - 開始計算電壓分布...
2025-03-06 15:44:21,909 - utils.matlab_ris_controller - INFO - 電壓計算完成
2025-03-06 15:44:21,909 - utils.matlab_ris_controller - INFO - 通過MATLAB發送數據到RIS (COM14)...
2025-03-06 15:44:22,523 - utils.matlab_ris_controller - INFO - 數據發送完成
2025-03-06 15:44:22,529 - utils.matlab_ris_controller - INFO - 電壓矩陣大小: 20x20
2025-03-06 15:44:50,683 - app - INFO - Processing request with parameters: {'RIS_Case': 2, 'freq': 28.0, 'xi': 10.5, 'yi': 5.2, 'zi': 2.3, 'xr': 15.7, 'yr': 8.9, 'zr': 3.1, 'theta_i': 0.0, 'phi_i': 0.0, 'theta_r': 60.0, 'phi_r': 0.0, 'bits': 8.0, 'num_px': 1.0, 'num_py': 1.0, 'fig': 1.0, 'id_panel': '01', 'com_port': 14, 'use_matlab': True}
2025-03-06 15:44:50,683 - app - INFO - Using MATLAB direct control (方案一)
2025-03-06 15:44:50,683 - utils.matlab_ris_controller - INFO - 開始計算RIS相位...
2025-03-06 15:44:51,218 - utils.matlab_ris_controller - INFO - 相位計算完成
2025-03-06 15:44:51,218 - utils.matlab_ris_controller - INFO - 開始計算電壓分布...
2025-03-06 15:44:51,528 - utils.matlab_ris_controller - INFO - 電壓計算完成
2025-03-06 15:44:51,528 - utils.matlab_ris_controller - INFO - 通過MATLAB發送數據到RIS (COM14)...
2025-03-06 15:44:52,077 - utils.matlab_ris_controller - INFO - 數據發送完成
2025-03-06 15:44:52,078 - utils.matlab_ris_controller - INFO - 電壓矩陣大小: 20x20
2025-03-06 15:45:00,747 - app - INFO - Processing request with parameters: {'RIS_Case': 2, 'freq': 28.0, 'xi': 10.5, 'yi': 5.2, 'zi': 2.3, 'xr': 15.7, 'yr': 8.9, 'zr': 3.1, 'theta_i': 0.0, 'phi_i': 0.0, 'theta_r': 60.0, 'phi_r': 0.0, 'bits': 8.0, 'num_px': 1.0, 'num_py': 1.0, 'fig': 3.0, 'id_panel': '01', 'com_port': 14, 'use_matlab': True}
2025-03-06 15:45:00,749 - app - INFO - Using MATLAB direct control (方案一)
2025-03-06 15:45:00,750 - utils.matlab_ris_controller - INFO - 開始計算RIS相位...
2025-03-06 15:45:02,483 - utils.matlab_ris_controller - INFO - 相位計算完成
2025-03-06 15:45:02,484 - utils.matlab_ris_controller - INFO - 開始計算電壓分布...
2025-03-06 15:45:02,961 - utils.matlab_ris_controller - INFO - 電壓計算完成
2025-03-06 15:45:02,962 - utils.matlab_ris_controller - INFO - 通過MATLAB發送數據到RIS (COM14)...
2025-03-06 15:45:03,468 - utils.matlab_ris_controller - INFO - 數據發送完成
2025-03-06 15:45:03,468 - utils.matlab_ris_controller - INFO - 電壓矩陣大小: 20x20
2025-03-06 15:45:10,838 - app - INFO - Processing request with parameters: {'RIS_Case': 2, 'freq': 28.0, 'xi': 100.5, 'yi': 5.2, 'zi': 2.3, 'xr': 15.7, 'yr': 8.9, 'zr': 3.1, 'theta_i': 0.0, 'phi_i': 0.0, 'theta_r': 60.0, 'phi_r': 0.0, 'bits': 8.0, 'num_px': 1.0, 'num_py': 1.0, 'fig': 3.0, 'id_panel': '01', 'com_port': 14, 'use_matlab': True}
2025-03-06 15:45:10,840 - app - INFO - Using MATLAB direct control (方案一)
2025-03-06 15:45:10,841 - utils.matlab_ris_controller - INFO - 開始計算RIS相位...
2025-03-06 15:45:12,482 - utils.matlab_ris_controller - INFO - 相位計算完成
2025-03-06 15:45:12,483 - utils.matlab_ris_controller - INFO - 開始計算電壓分布...
2025-03-06 15:45:12,855 - utils.matlab_ris_controller - INFO - 電壓計算完成
2025-03-06 15:45:12,857 - utils.matlab_ris_controller - INFO - 通過MATLAB發送數據到RIS (COM14)...
2025-03-06 15:45:13,388 - utils.matlab_ris_controller - INFO - 數據發送完成
2025-03-06 15:45:13,389 - utils.matlab_ris_controller - INFO - 電壓矩陣大小: 20x20
2025-03-06 15:45:23,599 - app - INFO - Processing request with parameters: {'RIS_Case': 2, 'freq': 29.0, 'xi': 100.5, 'yi': 5.2, 'zi': 20.0, 'xr': 15.7, 'yr': 8.9, 'zr': 3.1, 'theta_i': 0.0, 'phi_i': 0.0, 'theta_r': 60.0, 'phi_r': 0.0, 'bits': 8.0, 'num_px': 1.0, 'num_py': 1.0, 'fig': 3.0, 'id_panel': '01', 'com_port': 14, 'use_matlab': True}
2025-03-06 15:45:23,601 - app - INFO - Using MATLAB direct control (方案一)
2025-03-06 15:45:23,601 - utils.matlab_ris_controller - INFO - 開始計算RIS相位...
2025-03-06 15:45:25,287 - utils.matlab_ris_controller - INFO - 相位計算完成
2025-03-06 15:45:25,287 - utils.matlab_ris_controller - INFO - 開始計算電壓分布...
2025-03-06 15:45:25,817 - utils.matlab_ris_controller - INFO - 電壓計算完成
2025-03-06 15:45:25,818 - utils.matlab_ris_controller - INFO - 通過MATLAB發送數據到RIS (COM14)...
2025-03-06 15:45:26,381 - utils.matlab_ris_controller - INFO - 數據發送完成
2025-03-06 15:45:26,382 - utils.matlab_ris_controller - INFO - 電壓矩陣大小: 20x20
2025-03-06 15:45:47,869 - app - INFO - Processing request with parameters: {'RIS_Case': 2, 'freq': 29.0, 'xi': 600.0, 'yi': 5.2, 'zi': 600.0, 'xr': 15.7, 'yr': 8.9, 'zr': 3.1, 'theta_i': 0.0, 'phi_i': 0.0, 'theta_r': 60.0, 'phi_r': 0.0, 'bits': 8.0, 'num_px': 1.0, 'num_py': 1.0, 'fig': 3.0, 'id_panel': '01', 'com_port': 14, 'use_matlab': True}
2025-03-06 15:45:47,873 - app - INFO - Using MATLAB direct control (方案一)
2025-03-06 15:45:47,873 - utils.matlab_ris_controller - INFO - 開始計算RIS相位...
2025-03-06 15:45:49,691 - utils.matlab_ris_controller - INFO - 相位計算完成
2025-03-06 15:45:49,692 - utils.matlab_ris_controller - INFO - 開始計算電壓分布...
2025-03-06 15:45:50,076 - utils.matlab_ris_controller - INFO - 電壓計算完成
2025-03-06 15:45:50,077 - utils.matlab_ris_controller - INFO - 通過MATLAB發送數據到RIS (COM14)...
2025-03-06 15:45:50,628 - utils.matlab_ris_controller - INFO - 數據發送完成
2025-03-06 15:45:50,630 - utils.matlab_ris_controller - INFO - 電壓矩陣大小: 20x20
2025-03-06 15:46:57,320 - app - INFO - Processing request with parameters: {'RIS_Case': 2, 'freq': 29.0, 'xi': 0.0, 'yi': 20.0, 'zi': 390.0, 'xr': -210.0, 'yr': 20.0, 'zr': 380.0, 'theta_i': 0.0, 'phi_i': 0.0, 'theta_r': 60.0, 'phi_r': 0.0, 'bits': 8.0, 'num_px': 1.0, 'num_py': 1.0, 'fig': 3.0, 'id_panel': '01', 'com_port': 14, 'use_matlab': True}
2025-03-06 15:46:57,325 - app - INFO - Using MATLAB direct control (方案一)
2025-03-06 15:46:57,326 - utils.matlab_ris_controller - INFO - 開始計算RIS相位...
2025-03-06 15:46:59,343 - utils.matlab_ris_controller - INFO - 相位計算完成
2025-03-06 15:46:59,343 - utils.matlab_ris_controller - INFO - 開始計算電壓分布...
2025-03-06 15:46:59,726 - utils.matlab_ris_controller - INFO - 電壓計算完成
2025-03-06 15:46:59,728 - utils.matlab_ris_controller - INFO - 通過MATLAB發送數據到RIS (COM14)...
2025-03-06 15:47:00,251 - utils.matlab_ris_controller - INFO - 數據發送完成
2025-03-06 15:47:00,252 - utils.matlab_ris_controller - INFO - 電壓矩陣大小: 20x20
2025-03-06 15:47:34,435 - app - INFO - Processing request with parameters: {'RIS_Case': 2, 'freq': 28.0, 'xi': 10.5, 'yi': 5.2, 'zi': 2.3, 'xr': -210.0, 'yr': 20.0, 'zr': 380.0, 'theta_i': 0.0, 'phi_i': 0.0, 'theta_r': 60.0, 'phi_r': 0.0, 'bits': 8.0, 'num_px': 1.0, 'num_py': 1.0, 'fig': 3.0, 'id_panel': '01', 'com_port': 14, 'use_matlab': True}
2025-03-06 15:47:34,437 - app - INFO - Using MATLAB direct control (方案一)
2025-03-06 15:47:34,437 - utils.matlab_ris_controller - INFO - 開始計算RIS相位...
2025-03-06 15:47:36,110 - utils.matlab_ris_controller - INFO - 相位計算完成
2025-03-06 15:47:36,110 - utils.matlab_ris_controller - INFO - 開始計算電壓分布...
2025-03-06 15:47:36,455 - utils.matlab_ris_controller - INFO - 電壓計算完成
2025-03-06 15:47:36,457 - utils.matlab_ris_controller - INFO - 通過MATLAB發送數據到RIS (COM14)...
2025-03-06 15:47:37,026 - utils.matlab_ris_controller - INFO - 數據發送完成
2025-03-06 15:47:37,027 - utils.matlab_ris_controller - INFO - 電壓矩陣大小: 20x20
2025-03-06 16:28:33,077 - config - INFO - Loaded configuration from C:\Users\Hsh\Desktop\RIS-20250306\RIS_API_SERVER\config.json
2025-03-06 16:28:33,078 - app - INFO - Starting MATLAB engine...
2025-03-06 16:28:33,078 - utils.matlab_interface - INFO - Starting MATLAB engine...
2025-03-06 16:29:41,385 - utils.matlab_interface - INFO - Added MATLAB toolbox path: YTTEK_YTRS0289_release_2024_v1/release/UART/Tool
2025-03-06 16:29:41,386 - utils.matlab_interface - INFO - MATLAB engine started successfully
2025-03-06 16:29:41,388 - app - INFO - MATLAB engine started successfully
2025-03-06 16:29:41,388 - utils.matlab_ris_controller - INFO - MATLAB RIS控制器已初始化
2025-03-06 16:29:41,404 - waitress - INFO - Serving on http://0.0.0.0:5000
2025-03-06 16:29:46,147 - app - ERROR - Error processing request: 'zr'
Traceback (most recent call last):
  File "C:\Users\Hsh\Desktop\RIS-20250306\RIS_API_SERVER\app.py", line 76, in set_ris
    "zr": float(data.get('zr', config['ris']['default_params']['zr'])),  # 使用默認值
KeyError: 'zr'
2025-03-06 16:29:49,756 - app - ERROR - Error processing request: 'zr'
Traceback (most recent call last):
  File "C:\Users\Hsh\Desktop\RIS-20250306\RIS_API_SERVER\app.py", line 76, in set_ris
    "zr": float(data.get('zr', config['ris']['default_params']['zr'])),  # 使用默認值
KeyError: 'zr'
2025-03-06 16:29:52,107 - app - ERROR - Error processing request: 'zr'
Traceback (most recent call last):
  File "C:\Users\Hsh\Desktop\RIS-20250306\RIS_API_SERVER\app.py", line 76, in set_ris
    "zr": float(data.get('zr', config['ris']['default_params']['zr'])),  # 使用默認值
KeyError: 'zr'
2025-03-06 16:33:46,549 - config - INFO - Loaded configuration from C:\Users\Hsh\Desktop\RIS-20250306\RIS_API_SERVER\config.json
2025-03-06 16:33:46,549 - app - INFO - Starting MATLAB engine...
2025-03-06 16:33:46,550 - utils.matlab_interface - INFO - Starting MATLAB engine...
2025-03-06 16:33:55,291 - utils.matlab_interface - INFO - Added MATLAB toolbox path: YTTEK_YTRS0289_release_2024_v1/release/UART/Tool
2025-03-06 16:33:55,292 - utils.matlab_interface - INFO - MATLAB engine started successfully
2025-03-06 16:33:55,293 - app - INFO - MATLAB engine started successfully
2025-03-06 16:33:55,293 - utils.matlab_ris_controller - INFO - MATLAB RIS控制器已初始化
2025-03-06 16:33:55,306 - waitress - INFO - Serving on http://0.0.0.0:5000
2025-03-06 16:34:01,369 - app - ERROR - Error processing request: 'zr'
Traceback (most recent call last):
  File "C:\Users\Hsh\Desktop\RIS-20250306\RIS_API_SERVER\app.py", line 76, in set_ris
    "zr": float(data.get('zr', config['ris']['default_params']['zr'])),  # 使用默認值
KeyError: 'zr'
2025-03-06 16:34:03,504 - app - ERROR - Error processing request: 'zr'
Traceback (most recent call last):
  File "C:\Users\Hsh\Desktop\RIS-20250306\RIS_API_SERVER\app.py", line 76, in set_ris
    "zr": float(data.get('zr', config['ris']['default_params']['zr'])),  # 使用默認值
KeyError: 'zr'
2025-03-06 16:34:14,140 - app - ERROR - Error processing request: 'zr'
Traceback (most recent call last):
  File "C:\Users\Hsh\Desktop\RIS-20250306\RIS_API_SERVER\app.py", line 76, in set_ris
    "zr": float(data.get('zr', config['ris']['default_params']['zr'])),  # 使用默認值
KeyError: 'zr'
2025-03-06 16:34:30,572 - config - INFO - Loaded configuration from C:\Users\Hsh\Desktop\RIS-20250306\RIS_API_SERVER\config.json
2025-03-06 16:34:30,573 - app - INFO - Starting MATLAB engine...
2025-03-06 16:34:30,573 - utils.matlab_interface - INFO - Starting MATLAB engine...
2025-03-06 16:34:40,282 - utils.matlab_interface - INFO - Added MATLAB toolbox path: YTTEK_YTRS0289_release_2024_v1/release/UART/Tool
2025-03-06 16:34:40,287 - utils.matlab_interface - INFO - MATLAB engine started successfully
2025-03-06 16:34:40,288 - app - INFO - MATLAB engine started successfully
2025-03-06 16:34:40,289 - utils.matlab_ris_controller - INFO - MATLAB RIS控制器已初始化
2025-03-06 16:34:40,303 - waitress - INFO - Serving on http://0.0.0.0:5000
2025-03-06 16:34:46,954 - app - INFO - Processing request with parameters: {'RIS_Case': 2, 'freq': 28.0, 'xi': 10.5, 'yi': 5.2, 'zi': 2.3, 'xr': -210.0, 'yr': 20.0, 'zr': 380.0, 'theta_i': 0.0, 'phi_i': 0.0, 'theta_r': 60.0, 'phi_r': 0.0, 'bits': 8.0, 'num_px': 1.0, 'num_py': 1.0, 'fig': 3.0, 'id_panel': '01', 'com_port': 14, 'use_matlab': True}
2025-03-06 16:34:46,955 - app - INFO - Using MATLAB direct control (方案一)
2025-03-06 16:34:46,955 - utils.matlab_ris_controller - INFO - 開始計算RIS相位...
2025-03-06 16:34:54,645 - utils.matlab_ris_controller - INFO - 相位計算完成
2025-03-06 16:34:54,646 - utils.matlab_ris_controller - INFO - 開始計算電壓分布...
2025-03-06 16:35:00,952 - utils.matlab_ris_controller - INFO - 電壓計算完成
2025-03-06 16:35:00,953 - utils.matlab_ris_controller - INFO - 通過MATLAB發送數據到RIS (COM14)...
2025-03-06 16:35:01,626 - utils.matlab_ris_controller - INFO - 數據發送完成
2025-03-06 16:35:01,640 - utils.matlab_ris_controller - INFO - 電壓矩陣大小: 20x20
2025-03-06 16:36:56,578 - config - INFO - Loaded configuration from C:\Users\Hsh\Desktop\RIS-20250306\RIS_API_SERVER\config.json
2025-03-06 16:36:56,579 - app - INFO - Starting MATLAB engine...
2025-03-06 16:36:56,579 - utils.matlab_interface - INFO - Starting MATLAB engine...
2025-03-06 16:37:05,524 - utils.matlab_interface - INFO - Added MATLAB toolbox path: YTTEK_YTRS0289_release_2024_v1/release/UART/Tool
2025-03-06 16:37:05,529 - utils.matlab_interface - INFO - MATLAB engine started successfully
2025-03-06 16:37:05,530 - app - INFO - MATLAB engine started successfully
2025-03-06 16:37:05,530 - utils.matlab_ris_controller - INFO - MATLAB RIS控制器已初始化
2025-03-06 16:37:05,555 - waitress - INFO - Serving on http://0.0.0.0:5000
2025-03-06 16:37:15,752 - app - ERROR - Error processing request: 'zr'
Traceback (most recent call last):
  File "C:\Users\Hsh\Desktop\RIS-20250306\RIS_API_SERVER\app.py", line 76, in set_ris
    "zr": float(data.get("zr", config['ris']['default_params']['zr'])),  # 使用默認值
KeyError: 'zr'
2025-03-06 16:37:39,030 - config - INFO - Loaded configuration from C:\Users\Hsh\Desktop\RIS-20250306\RIS_API_SERVER\config.json
2025-03-06 16:37:39,031 - app - INFO - Starting MATLAB engine...
2025-03-06 16:37:39,031 - utils.matlab_interface - INFO - Starting MATLAB engine...
2025-03-06 16:37:45,359 - utils.matlab_interface - INFO - Added MATLAB toolbox path: YTTEK_YTRS0289_release_2024_v1/release/UART/Tool
2025-03-06 16:37:45,361 - utils.matlab_interface - INFO - MATLAB engine started successfully
2025-03-06 16:37:45,361 - app - INFO - MATLAB engine started successfully
2025-03-06 16:37:45,361 - utils.matlab_ris_controller - INFO - MATLAB RIS控制器已初始化
2025-03-06 16:37:45,375 - waitress - INFO - Serving on http://0.0.0.0:5000
2025-03-06 16:38:02,639 - app - INFO - Processing request with parameters: {'RIS_Case': 2, 'freq': 28.0, 'xi': 10.5, 'yi': 5.2, 'zi': 2.3, 'xr': -210.0, 'yr': 20.0, 'zr': 380.0, 'theta_i': 0.0, 'phi_i': 0.0, 'theta_r': 60.0, 'phi_r': 0.0, 'bits': 8.0, 'num_px': 1.0, 'num_py': 1.0, 'fig': 3.0, 'id_panel': '01', 'com_port': 14, 'use_matlab': True}
2025-03-06 16:38:02,640 - app - INFO - Using MATLAB direct control (方案一)
2025-03-06 16:38:02,640 - utils.matlab_ris_controller - INFO - 開始計算RIS相位...
2025-03-06 16:38:07,953 - utils.matlab_ris_controller - INFO - 相位計算完成
2025-03-06 16:38:07,953 - utils.matlab_ris_controller - INFO - 開始計算電壓分布...
2025-03-06 16:38:12,370 - utils.matlab_ris_controller - INFO - 電壓計算完成
2025-03-06 16:38:12,371 - utils.matlab_ris_controller - INFO - 通過MATLAB發送數據到RIS (COM14)...
2025-03-06 16:38:12,992 - utils.matlab_ris_controller - INFO - 數據發送完成
2025-03-06 16:38:12,999 - utils.matlab_ris_controller - INFO - 電壓矩陣大小: 20x20
2025-03-06 16:39:22,803 - app - INFO - Processing request with parameters: {'RIS_Case': 2, 'freq': 28.0, 'xi': 10.5, 'yi': 5.2, 'zi': 2.3, 'xr': 15.7, 'yr': 8.9, 'zr': 3.1, 'theta_i': 0.0, 'phi_i': 0.0, 'theta_r': 60.0, 'phi_r': 0.0, 'bits': 8.0, 'num_px': 1.0, 'num_py': 1.0, 'fig': 3.0, 'id_panel': '01', 'com_port': 14, 'use_matlab': True}
2025-03-06 16:39:22,805 - app - INFO - Using MATLAB direct control (方案一)
2025-03-06 16:39:22,806 - utils.matlab_ris_controller - INFO - 開始計算RIS相位...
2025-03-06 16:39:24,620 - utils.matlab_ris_controller - INFO - 相位計算完成
2025-03-06 16:39:24,621 - utils.matlab_ris_controller - INFO - 開始計算電壓分布...
2025-03-06 16:39:25,209 - utils.matlab_ris_controller - INFO - 電壓計算完成
2025-03-06 16:39:25,210 - utils.matlab_ris_controller - INFO - 通過MATLAB發送數據到RIS (COM14)...
2025-03-06 16:39:25,751 - utils.matlab_ris_controller - INFO - 數據發送完成
2025-03-06 16:39:25,752 - utils.matlab_ris_controller - INFO - 電壓矩陣大小: 20x20
2025-03-06 16:39:39,626 - app - INFO - Processing request with parameters: {'RIS_Case': 2, 'freq': 28.0, 'xi': 10.5, 'yi': 5.2, 'zi': 2.3, 'xr': -210.0, 'yr': 20.0, 'zr': 380.0, 'theta_i': 0.0, 'phi_i': 0.0, 'theta_r': 60.0, 'phi_r': 0.0, 'bits': 8.0, 'num_px': 1.0, 'num_py': 1.0, 'fig': 3.0, 'id_panel': '01', 'com_port': 14, 'use_matlab': True}
2025-03-06 16:39:39,627 - app - INFO - Using MATLAB direct control (方案一)
2025-03-06 16:39:39,628 - utils.matlab_ris_controller - INFO - 開始計算RIS相位...
2025-03-06 16:39:41,669 - utils.matlab_ris_controller - INFO - 相位計算完成
2025-03-06 16:39:41,669 - utils.matlab_ris_controller - INFO - 開始計算電壓分布...
2025-03-06 16:39:42,200 - utils.matlab_ris_controller - INFO - 電壓計算完成
2025-03-06 16:39:42,201 - utils.matlab_ris_controller - INFO - 通過MATLAB發送數據到RIS (COM14)...
2025-03-06 16:39:42,725 - utils.matlab_ris_controller - INFO - 數據發送完成
2025-03-06 16:39:42,726 - utils.matlab_ris_controller - INFO - 電壓矩陣大小: 20x20
2025-03-06 16:54:18,300 - app - INFO - Processing request with parameters: {'RIS_Case': 2, 'freq': 28.0, 'xi': 10.5, 'yi': 5.2, 'zi': 2.3, 'xr': 15.7, 'yr': 8.9, 'zr': 3.1, 'theta_i': 0.0, 'phi_i': 0.0, 'theta_r': 60.0, 'phi_r': 0.0, 'bits': 8.0, 'num_px': 1.0, 'num_py': 1.0, 'fig': 3.0, 'id_panel': '01', 'com_port': 14, 'use_matlab': True}
2025-03-06 16:54:18,310 - app - INFO - Using MATLAB direct control (方案一)
2025-03-06 16:54:18,310 - utils.matlab_ris_controller - INFO - 開始計算RIS相位...
2025-03-06 16:54:21,030 - utils.matlab_ris_controller - INFO - 相位計算完成
2025-03-06 16:54:21,031 - utils.matlab_ris_controller - INFO - 開始計算電壓分布...
2025-03-06 16:54:22,146 - utils.matlab_ris_controller - INFO - 電壓計算完成
2025-03-06 16:54:22,147 - utils.matlab_ris_controller - INFO - 通過MATLAB發送數據到RIS (COM14)...
2025-03-06 16:54:25,426 - utils.matlab_ris_controller - INFO - 數據發送完成
2025-03-06 16:54:25,440 - utils.matlab_ris_controller - INFO - 電壓矩陣大小: 20x20
2025-03-06 16:58:31,907 - app - INFO - Processing request with parameters: {'RIS_Case': 2, 'freq': 28.0, 'xi': 10.5, 'yi': 5.2, 'zi': 2.3, 'xr': 101136.0, 'yr': 90958.0, 'zr': 20.0, 'theta_i': 0.0, 'phi_i': 0.0, 'theta_r': 60.0, 'phi_r': 0.0, 'bits': 8.0, 'num_px': 1.0, 'num_py': 1.0, 'fig': 3.0, 'id_panel': '01', 'com_port': 14, 'use_matlab': True}
2025-03-06 16:58:31,909 - app - INFO - Using MATLAB direct control (方案一)
2025-03-06 16:58:31,909 - utils.matlab_ris_controller - INFO - 開始計算RIS相位...
2025-03-06 16:58:33,998 - utils.matlab_ris_controller - INFO - 相位計算完成
2025-03-06 16:58:33,999 - utils.matlab_ris_controller - INFO - 開始計算電壓分布...
2025-03-06 16:58:34,878 - utils.matlab_ris_controller - INFO - 電壓計算完成
2025-03-06 16:58:34,878 - utils.matlab_ris_controller - INFO - 通過MATLAB發送數據到RIS (COM14)...
2025-03-06 16:58:35,531 - utils.matlab_ris_controller - INFO - 數據發送完成
2025-03-06 16:58:35,532 - utils.matlab_ris_controller - INFO - 電壓矩陣大小: 20x20
2025-03-06 16:58:41,388 - app - INFO - Processing request with parameters: {'RIS_Case': 2, 'freq': 28.0, 'xi': 10.5, 'yi': 5.2, 'zi': 2.3, 'xr': 100709.0, 'yr': 90586.0, 'zr': 20.0, 'theta_i': 0.0, 'phi_i': 0.0, 'theta_r': 60.0, 'phi_r': 0.0, 'bits': 8.0, 'num_px': 1.0, 'num_py': 1.0, 'fig': 3.0, 'id_panel': '01', 'com_port': 14, 'use_matlab': True}
2025-03-06 16:58:41,388 - app - INFO - Using MATLAB direct control (方案一)
2025-03-06 16:58:41,389 - utils.matlab_ris_controller - INFO - 開始計算RIS相位...
2025-03-06 16:58:42,952 - utils.matlab_ris_controller - INFO - 相位計算完成
2025-03-06 16:58:42,952 - utils.matlab_ris_controller - INFO - 開始計算電壓分布...
2025-03-06 16:58:43,224 - utils.matlab_ris_controller - INFO - 電壓計算完成
2025-03-06 16:58:43,233 - utils.matlab_ris_controller - INFO - 通過MATLAB發送數據到RIS (COM14)...
2025-03-06 16:58:43,903 - utils.matlab_ris_controller - INFO - 數據發送完成
2025-03-06 16:58:43,903 - utils.matlab_ris_controller - INFO - 電壓矩陣大小: 20x20
2025-03-06 16:58:46,728 - app - INFO - Processing request with parameters: {'RIS_Case': 2, 'freq': 28.0, 'xi': 10.5, 'yi': 5.2, 'zi': 2.3, 'xr': 337480.0, 'yr': 178153.0, 'zr': 20.0, 'theta_i': 0.0, 'phi_i': 0.0, 'theta_r': 60.0, 'phi_r': 0.0, 'bits': 8.0, 'num_px': 1.0, 'num_py': 1.0, 'fig': 3.0, 'id_panel': '01', 'com_port': 14, 'use_matlab': True}
2025-03-06 16:58:46,728 - app - INFO - Using MATLAB direct control (方案一)
2025-03-06 16:58:46,729 - utils.matlab_ris_controller - INFO - 開始計算RIS相位...
2025-03-06 16:58:48,253 - utils.matlab_ris_controller - INFO - 相位計算完成
2025-03-06 16:58:48,253 - utils.matlab_ris_controller - INFO - 開始計算電壓分布...
2025-03-06 16:58:48,669 - utils.matlab_ris_controller - INFO - 電壓計算完成
2025-03-06 16:58:48,670 - utils.matlab_ris_controller - INFO - 通過MATLAB發送數據到RIS (COM14)...
2025-03-06 16:58:49,198 - utils.matlab_ris_controller - INFO - 數據發送完成
2025-03-06 16:58:49,199 - utils.matlab_ris_controller - INFO - 電壓矩陣大小: 20x20
2025-03-06 16:58:52,319 - app - INFO - Processing request with parameters: {'RIS_Case': 2, 'freq': 28.0, 'xi': 10.5, 'yi': 5.2, 'zi': 2.3, 'xr': 350742.0, 'yr': 185282.0, 'zr': 20.0, 'theta_i': 0.0, 'phi_i': 0.0, 'theta_r': 60.0, 'phi_r': 0.0, 'bits': 8.0, 'num_px': 1.0, 'num_py': 1.0, 'fig': 3.0, 'id_panel': '01', 'com_port': 14, 'use_matlab': True}
2025-03-06 16:58:52,321 - app - INFO - Using MATLAB direct control (方案一)
2025-03-06 16:58:52,321 - utils.matlab_ris_controller - INFO - 開始計算RIS相位...
2025-03-06 16:58:53,823 - utils.matlab_ris_controller - INFO - 相位計算完成
2025-03-06 16:58:53,823 - utils.matlab_ris_controller - INFO - 開始計算電壓分布...
2025-03-06 16:58:54,201 - utils.matlab_ris_controller - INFO - 電壓計算完成
2025-03-06 16:58:54,202 - utils.matlab_ris_controller - INFO - 通過MATLAB發送數據到RIS (COM14)...
2025-03-06 16:58:54,763 - utils.matlab_ris_controller - INFO - 數據發送完成
2025-03-06 16:58:54,764 - utils.matlab_ris_controller - INFO - 電壓矩陣大小: 20x20
2025-03-06 16:58:55,134 - app - INFO - Processing request with parameters: {'RIS_Case': 2, 'freq': 28.0, 'xi': 10.5, 'yi': 5.2, 'zi': 2.3, 'xr': 351158.0, 'yr': 185602.0, 'zr': 20.0, 'theta_i': 0.0, 'phi_i': 0.0, 'theta_r': 60.0, 'phi_r': 0.0, 'bits': 8.0, 'num_px': 1.0, 'num_py': 1.0, 'fig': 3.0, 'id_panel': '01', 'com_port': 14, 'use_matlab': True}
2025-03-06 16:58:55,136 - app - INFO - Using MATLAB direct control (方案一)
2025-03-06 16:58:55,136 - utils.matlab_ris_controller - INFO - 開始計算RIS相位...
2025-03-06 16:58:56,939 - utils.matlab_ris_controller - INFO - 相位計算完成
2025-03-06 16:58:56,940 - utils.matlab_ris_controller - INFO - 開始計算電壓分布...
2025-03-06 16:58:57,230 - utils.matlab_ris_controller - INFO - 電壓計算完成
2025-03-06 16:58:57,233 - utils.matlab_ris_controller - INFO - 通過MATLAB發送數據到RIS (COM14)...
2025-03-06 16:58:57,752 - utils.matlab_ris_controller - INFO - 數據發送完成
2025-03-06 16:58:57,752 - utils.matlab_ris_controller - INFO - 電壓矩陣大小: 20x20
2025-03-06 16:59:29,966 - app - INFO - Processing request with parameters: {'RIS_Case': 2, 'freq': 28.0, 'xi': 10.5, 'yi': 5.2, 'zi': 2.3, 'xr': 346490.0, 'yr': 182355.0, 'zr': 20.0, 'theta_i': 0.0, 'phi_i': 0.0, 'theta_r': 60.0, 'phi_r': 0.0, 'bits': 8.0, 'num_px': 1.0, 'num_py': 1.0, 'fig': 3.0, 'id_panel': '01', 'com_port': 14, 'use_matlab': True}
2025-03-06 16:59:29,968 - app - INFO - Using MATLAB direct control (方案一)
2025-03-06 16:59:29,969 - utils.matlab_ris_controller - INFO - 開始計算RIS相位...
2025-03-06 16:59:31,700 - utils.matlab_ris_controller - INFO - 相位計算完成
2025-03-06 16:59:31,700 - utils.matlab_ris_controller - INFO - 開始計算電壓分布...
2025-03-06 16:59:32,054 - utils.matlab_ris_controller - INFO - 電壓計算完成
2025-03-06 16:59:32,056 - utils.matlab_ris_controller - INFO - 通過MATLAB發送數據到RIS (COM14)...
2025-03-06 16:59:32,647 - utils.matlab_ris_controller - INFO - 數據發送完成
2025-03-06 16:59:32,648 - utils.matlab_ris_controller - INFO - 電壓矩陣大小: 20x20
2025-03-06 16:59:53,757 - app - INFO - Processing request with parameters: {'RIS_Case': 2, 'freq': 28.0, 'xi': 10.5, 'yi': 5.2, 'zi': 2.3, 'xr': 360555.0, 'yr': 189468.0, 'zr': 20.0, 'theta_i': 0.0, 'phi_i': 0.0, 'theta_r': 60.0, 'phi_r': 0.0, 'bits': 8.0, 'num_px': 1.0, 'num_py': 1.0, 'fig': 3.0, 'id_panel': '01', 'com_port': 14, 'use_matlab': True}
2025-03-06 16:59:53,771 - app - INFO - Using MATLAB direct control (方案一)
2025-03-06 16:59:53,772 - utils.matlab_ris_controller - INFO - 開始計算RIS相位...
2025-03-06 16:59:55,607 - utils.matlab_ris_controller - INFO - 相位計算完成
2025-03-06 16:59:55,607 - utils.matlab_ris_controller - INFO - 開始計算電壓分布...
2025-03-06 16:59:55,957 - utils.matlab_ris_controller - INFO - 電壓計算完成
2025-03-06 16:59:55,958 - utils.matlab_ris_controller - INFO - 通過MATLAB發送數據到RIS (COM14)...
2025-03-06 16:59:56,517 - utils.matlab_ris_controller - INFO - 數據發送完成
2025-03-06 16:59:56,518 - utils.matlab_ris_controller - INFO - 電壓矩陣大小: 20x20
2025-03-06 17:00:01,965 - app - INFO - Processing request with parameters: {'RIS_Case': 2, 'freq': 28.0, 'xi': 10.5, 'yi': 5.2, 'zi': 2.3, 'xr': 357567.0, 'yr': 187849.0, 'zr': 20.0, 'theta_i': 0.0, 'phi_i': 0.0, 'theta_r': 60.0, 'phi_r': 0.0, 'bits': 8.0, 'num_px': 1.0, 'num_py': 1.0, 'fig': 3.0, 'id_panel': '01', 'com_port': 14, 'use_matlab': True}
2025-03-06 17:00:01,967 - app - INFO - Using MATLAB direct control (方案一)
2025-03-06 17:00:01,968 - utils.matlab_ris_controller - INFO - 開始計算RIS相位...
2025-03-06 17:00:03,430 - utils.matlab_ris_controller - INFO - 相位計算完成
2025-03-06 17:00:03,430 - utils.matlab_ris_controller - INFO - 開始計算電壓分布...
2025-03-06 17:00:03,704 - utils.matlab_ris_controller - INFO - 電壓計算完成
2025-03-06 17:00:03,705 - utils.matlab_ris_controller - INFO - 通過MATLAB發送數據到RIS (COM14)...
2025-03-06 17:00:04,231 - utils.matlab_ris_controller - INFO - 數據發送完成
2025-03-06 17:00:04,232 - utils.matlab_ris_controller - INFO - 電壓矩陣大小: 20x20
2025-03-06 19:44:08,833 - app - INFO - Processing request with parameters: {'RIS_Case': 2, 'freq': 28.0, 'xi': 10.5, 'yi': 5.2, 'zi': 2.3, 'xr': -210.0, 'yr': 20.0, 'zr': 380.0, 'theta_i': 0.0, 'phi_i': 0.0, 'theta_r': 60.0, 'phi_r': 0.0, 'bits': 8.0, 'num_px': 1.0, 'num_py': 1.0, 'fig': 3.0, 'id_panel': '01', 'com_port': 14, 'use_matlab': True}
2025-03-06 19:44:08,840 - app - INFO - Using MATLAB direct control (方案一)
2025-03-06 19:44:08,840 - utils.matlab_ris_controller - INFO - 開始計算RIS相位...
2025-03-06 19:44:12,672 - utils.matlab_ris_controller - INFO - 相位計算完成
2025-03-06 19:44:12,672 - utils.matlab_ris_controller - INFO - 開始計算電壓分布...
2025-03-06 19:44:14,192 - utils.matlab_ris_controller - INFO - 電壓計算完成
2025-03-06 19:44:14,193 - utils.matlab_ris_controller - INFO - 通過MATLAB發送數據到RIS (COM14)...
2025-03-06 19:44:14,883 - utils.matlab_ris_controller - INFO - 數據發送完成
2025-03-06 19:44:14,884 - utils.matlab_ris_controller - INFO - 電壓矩陣大小: 20x20
2025-03-07 18:24:19,428 - config - INFO - Loaded configuration from C:\Users\Hsh\Desktop\RIS-20250306\RIS_API_SERVER\config.json
2025-03-07 18:24:19,429 - app - INFO - Starting MATLAB engine...
2025-03-07 18:24:19,429 - utils.matlab_interface - INFO - Starting MATLAB engine...
2025-03-07 18:25:14,879 - utils.matlab_interface - INFO - Added MATLAB toolbox path: YTTEK_YTRS0289_release_2024_v1/release/UART/Tool
2025-03-07 18:25:14,880 - utils.matlab_interface - INFO - MATLAB engine started successfully
2025-03-07 18:25:14,881 - app - INFO - MATLAB engine started successfully
2025-03-07 18:25:14,881 - utils.matlab_ris_controller - INFO - MATLAB RIS控制器已初始化
2025-03-07 18:25:14,893 - waitress - INFO - Serving on http://0.0.0.0:5000
2025-03-07 18:26:38,874 - app - INFO - Processing request with parameters: {'RIS_Case': 2, 'freq': 28.0, 'xi': 10.5, 'yi': 5.2, 'zi': 2.3, 'xr': -210.0, 'yr': 20.0, 'zr': 380.0, 'theta_i': 0.0, 'phi_i': 0.0, 'theta_r': 60.0, 'phi_r': 0.0, 'bits': 8.0, 'num_px': 1.0, 'num_py': 1.0, 'fig': 3.0, 'id_panel': '01', 'com_port': 14, 'use_matlab': True}
2025-03-07 18:26:38,874 - app - INFO - Using MATLAB direct control (方案一)
2025-03-07 18:26:38,874 - utils.matlab_ris_controller - INFO - 開始計算RIS相位...
2025-03-07 18:26:49,119 - utils.matlab_ris_controller - INFO - 相位計算完成
2025-03-07 18:26:49,119 - utils.matlab_ris_controller - INFO - 開始計算電壓分布...
2025-03-07 18:26:56,647 - utils.matlab_ris_controller - INFO - 電壓計算完成
2025-03-07 18:26:56,648 - utils.matlab_ris_controller - INFO - 通過MATLAB發送數據到RIS (COM14)...
2025-03-07 18:26:57,284 - utils.matlab_ris_controller - INFO - 數據發送完成
2025-03-07 18:26:57,292 - utils.matlab_ris_controller - INFO - 電壓矩陣大小: 20x20
2025-03-08 17:20:12,088 - app - INFO - Processing request with parameters: {'RIS_Case': 2, 'freq': 28.0, 'xi': 10.5, 'yi': 5.2, 'zi': 2.3, 'xr': -210.0, 'yr': 20.0, 'zr': 380.0, 'theta_i': 0.0, 'phi_i': 0.0, 'theta_r': 60.0, 'phi_r': 0.0, 'bits': 8.0, 'num_px': 1.0, 'num_py': 1.0, 'fig': 3.0, 'id_panel': '01', 'com_port': 14, 'use_matlab': True}
2025-03-08 17:20:12,093 - app - INFO - Using MATLAB direct control (方案一)
2025-03-08 17:20:12,098 - utils.matlab_ris_controller - INFO - 開始計算RIS相位...
2025-03-08 17:20:14,612 - utils.matlab_ris_controller - INFO - 相位計算完成
2025-03-08 17:20:14,613 - utils.matlab_ris_controller - INFO - 開始計算電壓分布...
2025-03-08 17:20:15,533 - utils.matlab_ris_controller - INFO - 電壓計算完成
2025-03-08 17:20:15,533 - utils.matlab_ris_controller - INFO - 通過MATLAB發送數據到RIS (COM14)...
2025-03-08 17:20:16,126 - utils.matlab_ris_controller - INFO - 數據發送完成
2025-03-08 17:20:16,134 - utils.matlab_ris_controller - INFO - 電壓矩陣大小: 20x20
2025-03-08 19:05:14,364 - app - INFO - Processing request with parameters: {'RIS_Case': 2, 'freq': 28.0, 'xi': 10.5, 'yi': 5.2, 'zi': 2.3, 'xr': -210.0, 'yr': 20.0, 'zr': 380.0, 'theta_i': 0.0, 'phi_i': 0.0, 'theta_r': 60.0, 'phi_r': 0.0, 'bits': 8.0, 'num_px': 1.0, 'num_py': 1.0, 'fig': 3.0, 'id_panel': '01', 'com_port': 14, 'use_matlab': False}
2025-03-08 19:05:14,365 - app - INFO - Using pre-calculated approach (方案二)
2025-03-08 19:05:14,366 - utils.ris_controller - INFO - Calculating phase using MATLAB
2025-03-08 19:05:14,367 - utils.matlab_interface - INFO - Calling MATLAB cal_ris_phs_p2p with freq=28.0, xi=10.5, yi=5.2, zi=2.3, xr=-210.0, yr=20.0, zr=380.0, bits=8.0, num_px=1.0, num_py=1.0, fig=3.0
2025-03-08 19:05:16,559 - utils.matlab_interface - INFO - MATLAB cal_ris_phs_p2p calculation completed successfully
2025-03-08 19:05:16,559 - utils.ris_controller - INFO - Calculating voltage from phase
2025-03-08 19:05:16,560 - utils.matlab_interface - INFO - Adjusting phase with offset 60.0
2025-03-08 19:05:16,910 - utils.matlab_interface - INFO - Converting phase to voltage with freq=28.0
2025-03-08 19:05:17,094 - utils.matlab_interface - INFO - Voltage calculation completed successfully
2025-03-08 19:05:17,094 - utils.ris_controller - INFO - Sending to RIS device on COM14
2025-03-08 19:05:17,095 - utils.matlab_interface - INFO - Sending data to RIS on COM14 with panel ID 01
2025-03-08 19:05:17,619 - utils.matlab_interface - INFO - Data sent to RIS successfully
2025-03-08 19:07:41,670 - app - INFO - Processing request with parameters: {'RIS_Case': 2, 'freq': 28.0, 'xi': 10.5, 'yi': 5.2, 'zi': 2.3, 'xr': -210.0, 'yr': 20.0, 'zr': 1.0, 'theta_i': 0.0, 'phi_i': 0.0, 'theta_r': 60.0, 'phi_r': 0.0, 'bits': 8.0, 'num_px': 1.0, 'num_py': 1.0, 'fig': 3.0, 'id_panel': '01', 'com_port': 14, 'use_matlab': False}
2025-03-08 19:07:41,671 - app - INFO - Using pre-calculated approach (方案二)
2025-03-08 19:07:41,672 - utils.ris_controller - INFO - Calculating phase using MATLAB
2025-03-08 19:07:41,672 - utils.matlab_interface - INFO - Calling MATLAB cal_ris_phs_p2p with freq=28.0, xi=10.5, yi=5.2, zi=2.3, xr=-210.0, yr=20.0, zr=1.0, bits=8.0, num_px=1.0, num_py=1.0, fig=3.0
2025-03-08 19:07:43,272 - utils.matlab_interface - INFO - MATLAB cal_ris_phs_p2p calculation completed successfully
2025-03-08 19:07:43,272 - utils.ris_controller - INFO - Calculating voltage from phase
2025-03-08 19:07:43,272 - utils.matlab_interface - INFO - Adjusting phase with offset 60.0
2025-03-08 19:07:43,460 - utils.matlab_interface - INFO - Converting phase to voltage with freq=28.0
2025-03-08 19:07:43,606 - utils.matlab_interface - INFO - Voltage calculation completed successfully
2025-03-08 19:07:43,607 - utils.ris_controller - INFO - Sending to RIS device on COM14
2025-03-08 19:07:43,607 - utils.matlab_interface - INFO - Sending data to RIS on COM14 with panel ID 01
2025-03-08 19:07:44,167 - utils.matlab_interface - INFO - Data sent to RIS successfully
2025-03-08 19:10:22,066 - config - INFO - Loaded configuration from C:\Users\Hsh\Desktop\RIS-20250306\RIS_API_SERVER\config.json
2025-03-08 19:10:22,066 - app - INFO - Starting MATLAB engine...
2025-03-08 19:10:22,066 - utils.matlab_interface - INFO - Starting MATLAB engine...
2025-03-08 19:11:13,807 - utils.matlab_interface - INFO - Added MATLAB toolbox path: YTTEK_YTRS0289_release_2024_v1/release/UART/Tool
2025-03-08 19:11:13,808 - utils.matlab_interface - INFO - MATLAB engine started successfully
2025-03-08 19:11:13,809 - app - INFO - MATLAB engine started successfully
2025-03-08 19:11:13,809 - utils.matlab_ris_controller - INFO - MATLAB RIS控制器已初始化
2025-03-08 19:11:13,819 - waitress - INFO - Serving on http://0.0.0.0:5000
2025-03-08 19:11:19,965 - app - INFO - Processing request with parameters: {'RIS_Case': 2, 'freq': 28.0, 'xi': 10.5, 'yi': 5.2, 'zi': 2.3, 'xr': -210.0, 'yr': 20.0, 'zr': 1.0, 'theta_i': 0.0, 'phi_i': 0.0, 'theta_r': 60.0, 'phi_r': 0.0, 'bits': 8.0, 'num_px': 1.0, 'num_py': 1.0, 'fig': 3.0, 'id_panel': '01', 'com_port': 14, 'use_matlab': False}
2025-03-08 19:11:19,966 - app - INFO - Using pre-calculated approach (方案二)
2025-03-08 19:11:19,966 - utils.ris_controller - INFO - Calculating phase using Python implementation
2025-03-08 19:11:19,969 - utils.ris_controller - INFO - Calculating voltage from phase
2025-03-08 19:11:19,970 - utils.ris_controller - INFO - Prepared packet of 12 bytes
2025-03-08 19:11:19,971 - utils.ris_controller - INFO - Sending to RIS device on COM14
2025-03-08 19:11:19,989 - utils.ris_controller - INFO - Sending 12 bytes to COM14
2025-03-08 19:11:19,990 - utils.ris_controller - INFO - Data sent. Waiting for response...
2025-03-08 19:11:21,102 - utils.ris_controller - INFO - Received response: FE
2025-03-08 19:15:49,140 - config - INFO - Loaded configuration from C:\Users\Hsh\Desktop\RIS-20250306\RIS_API_SERVER\config.json
2025-03-08 19:15:49,141 - app - INFO - Starting MATLAB engine...
2025-03-08 19:15:49,141 - utils.matlab_interface - INFO - Starting MATLAB engine...
2025-03-08 19:15:57,311 - utils.matlab_interface - INFO - Added MATLAB toolbox path: YTTEK_YTRS0289_release_2024_v1/release/UART/Tool
2025-03-08 19:15:57,312 - utils.matlab_interface - INFO - MATLAB engine started successfully
2025-03-08 19:15:57,312 - app - INFO - MATLAB engine started successfully
2025-03-08 19:15:57,313 - utils.matlab_ris_controller - INFO - MATLAB RIS控制器已初始化
2025-03-08 19:15:57,333 - waitress - INFO - Serving on http://0.0.0.0:5000
2025-03-08 19:16:03,802 - app - INFO - Processing request with parameters: {'RIS_Case': 2, 'freq': 28.0, 'xi': 10.5, 'yi': 5.2, 'zi': 2.3, 'xr': -210.0, 'yr': 20.0, 'zr': 1.0, 'theta_i': 0.0, 'phi_i': 0.0, 'theta_r': 60.0, 'phi_r': 0.0, 'bits': 8.0, 'num_px': 1.0, 'num_py': 1.0, 'fig': 3.0, 'id_panel': '01', 'com_port': 14, 'use_matlab': False}
2025-03-08 19:16:03,803 - app - INFO - Using pre-calculated approach (方案二)
2025-03-08 19:16:03,803 - utils.ris_controller - INFO - Prepared fixed packet of 810 bytes
2025-03-08 19:16:03,803 - utils.ris_controller - INFO - Sending to RIS device on COM14
2025-03-08 19:16:03,822 - utils.ris_controller - INFO - Sending 810 bytes to COM14
2025-03-08 19:16:03,823 - utils.ris_controller - INFO - Data sent. Waiting for response...
2025-03-08 19:16:04,934 - utils.ris_controller - INFO - Received response: FEF0
2025-03-08 19:16:13,023 - app - INFO - Processing request with parameters: {'RIS_Case': 2, 'freq': 28.0, 'xi': 10.5, 'yi': 5.2, 'zi': 2.3, 'xr': -210.0, 'yr': 20.0, 'zr': 1.0, 'theta_i': 0.0, 'phi_i': 0.0, 'theta_r': 60.0, 'phi_r': 0.0, 'bits': 8.0, 'num_px': 1.0, 'num_py': 1.0, 'fig': 3.0, 'id_panel': '01', 'com_port': 14, 'use_matlab': False}
2025-03-08 19:16:13,023 - app - INFO - Using pre-calculated approach (方案二)
2025-03-08 19:16:13,024 - utils.ris_controller - INFO - Prepared fixed packet of 810 bytes
2025-03-08 19:16:13,024 - utils.ris_controller - INFO - Sending to RIS device on COM14
2025-03-08 19:16:13,042 - utils.ris_controller - INFO - Sending 810 bytes to COM14
2025-03-08 19:16:13,043 - utils.ris_controller - INFO - Data sent. Waiting for response...
2025-03-08 19:16:14,179 - utils.ris_controller - INFO - Received response: FEFE
2025-03-08 19:16:21,580 - app - INFO - Processing request with parameters: {'RIS_Case': 2, 'freq': 28.0, 'xi': 10.5, 'yi': 5.2, 'zi': 2.3, 'xr': -210.0, 'yr': 20.0, 'zr': 1.0, 'theta_i': 0.0, 'phi_i': 0.0, 'theta_r': 60.0, 'phi_r': 0.0, 'bits': 8.0, 'num_px': 1.0, 'num_py': 1.0, 'fig': 3.0, 'id_panel': '01', 'com_port': 14, 'use_matlab': False}
2025-03-08 19:16:21,580 - app - INFO - Using pre-calculated approach (方案二)
2025-03-08 19:16:21,580 - utils.ris_controller - INFO - Prepared fixed packet of 810 bytes
2025-03-08 19:16:21,581 - utils.ris_controller - INFO - Sending to RIS device on COM14
2025-03-08 19:16:21,588 - utils.ris_controller - INFO - Sending 810 bytes to COM14
2025-03-08 19:16:21,589 - utils.ris_controller - INFO - Data sent. Waiting for response...
2025-03-08 19:16:22,720 - utils.ris_controller - INFO - Received response: FEFE
2025-03-08 19:16:22,860 - app - INFO - Processing request with parameters: {'RIS_Case': 2, 'freq': 28.0, 'xi': 10.5, 'yi': 5.2, 'zi': 2.3, 'xr': -210.0, 'yr': 20.0, 'zr': 1.0, 'theta_i': 0.0, 'phi_i': 0.0, 'theta_r': 60.0, 'phi_r': 0.0, 'bits': 8.0, 'num_px': 1.0, 'num_py': 1.0, 'fig': 3.0, 'id_panel': '01', 'com_port': 14, 'use_matlab': False}
2025-03-08 19:16:22,861 - app - INFO - Using pre-calculated approach (方案二)
2025-03-08 19:16:22,861 - utils.ris_controller - INFO - Prepared fixed packet of 810 bytes
2025-03-08 19:16:22,861 - utils.ris_controller - INFO - Sending to RIS device on COM14
2025-03-08 19:16:22,865 - utils.ris_controller - INFO - Sending 810 bytes to COM14
2025-03-08 19:16:22,866 - utils.ris_controller - INFO - Data sent. Waiting for response...
2025-03-08 19:16:23,981 - utils.ris_controller - WARNING - No response received from RIS
2025-03-08 19:16:33,445 - app - INFO - Processing request with parameters: {'RIS_Case': 2, 'freq': 28.0, 'xi': 10.5, 'yi': 5.2, 'zi': 2.3, 'xr': -210.0, 'yr': 20.0, 'zr': 1.0, 'theta_i': 0.0, 'phi_i': 0.0, 'theta_r': 60.0, 'phi_r': 0.0, 'bits': 8.0, 'num_px': 1.0, 'num_py': 1.0, 'fig': 3.0, 'id_panel': '01', 'com_port': 14, 'use_matlab': False}
2025-03-08 19:16:33,445 - app - INFO - Using pre-calculated approach (方案二)
2025-03-08 19:16:33,446 - utils.ris_controller - INFO - Prepared fixed packet of 810 bytes
2025-03-08 19:16:33,446 - utils.ris_controller - INFO - Sending to RIS device on COM14
2025-03-08 19:16:33,463 - utils.ris_controller - INFO - Sending 810 bytes to COM14
2025-03-08 19:16:33,464 - utils.ris_controller - INFO - Data sent. Waiting for response...
2025-03-08 19:16:34,579 - utils.ris_controller - INFO - Received response: FEFE
2025-03-08 19:26:51,774 - app - INFO - Processing request with parameters: {'RIS_Case': 2, 'freq': 28.0, 'xi': 10.5, 'yi': 5.2, 'zi': 2.3, 'xr': -210.0, 'yr': 20.0, 'zr': 1.0, 'theta_i': 0.0, 'phi_i': 0.0, 'theta_r': 60.0, 'phi_r': 0.0, 'bits': 8.0, 'num_px': 1.0, 'num_py': 1.0, 'fig': 3.0, 'id_panel': '01', 'com_port': 14, 'use_matlab': False}
2025-03-08 19:26:51,774 - app - INFO - Using pre-calculated approach (方案二)
2025-03-08 19:26:51,776 - utils.ris_controller - INFO - Prepared fixed packet of 810 bytes
2025-03-08 19:26:51,776 - utils.ris_controller - INFO - Sending to RIS device on COM14
2025-03-08 19:26:51,794 - utils.ris_controller - INFO - Sending 810 bytes to COM14
2025-03-08 19:26:51,795 - utils.ris_controller - INFO - Data sent. Waiting for response...
2025-03-08 19:26:52,907 - utils.ris_controller - INFO - Received response: FEFE
2025-03-09 21:27:18,591 - config - INFO - Loaded configuration from C:\Users\Hsh\Desktop\RIS-20250306\RIS_API_SERVER\config.json
2025-03-09 21:27:18,592 - app - INFO - Starting MATLAB engine...
2025-03-09 21:27:18,592 - utils.matlab_interface - INFO - Starting MATLAB engine...
2025-03-09 21:28:13,079 - utils.matlab_interface - INFO - Added MATLAB toolbox path: YTTEK_YTRS0289_release_2024_v1/release/UART/Tool
2025-03-09 21:28:13,081 - utils.matlab_interface - INFO - MATLAB engine started successfully
2025-03-09 21:28:13,083 - app - INFO - MATLAB engine started successfully
2025-03-09 21:28:13,083 - utils.matlab_ris_controller - INFO - MATLAB RIS控制器已初始化
2025-03-09 21:28:13,095 - waitress - INFO - Serving on http://0.0.0.0:5000
2025-03-09 21:32:38,080 - app - INFO - Processing request with parameters: {'RIS_Case': 2, 'freq': 28.0, 'xi': 10.5, 'yi': 5.2, 'zi': 2.3, 'xr': -210.0, 'yr': 20.0, 'zr': 1.0, 'theta_i': 0.0, 'phi_i': 0.0, 'theta_r': 60.0, 'phi_r': 0.0, 'bits': 8.0, 'num_px': 1.0, 'num_py': 1.0, 'fig': 3.0, 'id_panel': '01', 'com_port': 14, 'use_matlab': False}
2025-03-09 21:32:38,081 - app - INFO - Using pre-calculated approach (方案二)
2025-03-09 21:32:38,083 - utils.ris_controller - INFO - Prepared fixed packet of 810 bytes
2025-03-09 21:32:38,083 - utils.ris_controller - INFO - Sending to RIS device on COM14
2025-03-09 21:32:38,088 - utils.ris_controller - INFO - Sending 810 bytes to COM14
2025-03-09 21:32:38,089 - utils.ris_controller - INFO - Data sent. Waiting for response...
2025-03-09 21:32:39,224 - utils.ris_controller - INFO - Received response: FEFE
2025-03-09 21:35:04,873 - app - INFO - Processing request with parameters: {'RIS_Case': 2, 'freq': 28.0, 'xi': 10.5, 'yi': 5.2, 'zi': 2.3, 'xr': -210.0, 'yr': 20.0, 'zr': 1.0, 'theta_i': 0.0, 'phi_i': 0.0, 'theta_r': 60.0, 'phi_r': 0.0, 'bits': 8.0, 'num_px': 1.0, 'num_py': 1.0, 'fig': 3.0, 'id_panel': '01', 'com_port': 14, 'use_matlab': False}
2025-03-09 21:35:04,874 - app - INFO - Using pre-calculated approach (方案二)
2025-03-09 21:35:04,874 - utils.ris_controller - INFO - Prepared fixed packet of 810 bytes
2025-03-09 21:35:04,876 - utils.ris_controller - INFO - Sending to RIS device on COM14
2025-03-09 21:35:04,893 - utils.ris_controller - INFO - Sending 810 bytes to COM14
2025-03-09 21:35:04,893 - utils.ris_controller - INFO - Data sent. Waiting for response...
2025-03-09 21:35:06,008 - utils.ris_controller - INFO - Received response: FE
2025-03-10 15:45:50,596 - config - INFO - Loaded configuration from C:\Users\Hsh\Desktop\RIS-20250306\RIS_API_SERVER\config.json
2025-03-10 15:45:50,597 - app - INFO - Starting MATLAB engine...
2025-03-10 15:45:50,598 - utils.matlab_interface - INFO - Starting MATLAB engine...
2025-03-10 15:47:28,330 - utils.matlab_interface - INFO - Added MATLAB toolbox path: YTTEK_YTRS0289_release_2024_v1/release/UART/Tool
2025-03-10 15:47:28,337 - utils.matlab_interface - INFO - MATLAB engine started successfully
2025-03-10 15:47:28,339 - app - INFO - MATLAB engine started successfully
2025-03-10 15:47:28,340 - utils.matlab_ris_controller - INFO - MATLAB RIS控制器已初始化
2025-03-10 15:47:28,403 - waitress - INFO - Serving on http://0.0.0.0:5000
2025-03-10 16:33:13,999 - app - INFO - Processing request with parameters: {'RIS_Case': 2, 'freq': 28.0, 'xi': 10.5, 'yi': 5.2, 'zi': 2.3, 'xr': -210.0, 'yr': 20.0, 'zr': 1.0, 'theta_i': 0.0, 'phi_i': 0.0, 'theta_r': 60.0, 'phi_r': 0.0, 'bits': 8.0, 'num_px': 1.0, 'num_py': 1.0, 'fig': 3.0, 'id_panel': '01', 'com_port': 14, 'use_matlab': False}
2025-03-10 16:33:14,017 - app - INFO - Using pre-calculated approach (方案二)
2025-03-10 16:33:14,030 - utils.ris_controller - INFO - Prepared fixed packet of 810 bytes
2025-03-10 16:33:14,031 - utils.ris_controller - INFO - Sending to RIS device on COM14
2025-03-10 16:33:14,061 - utils.ris_controller - INFO - Sending 810 bytes to COM14
2025-03-10 16:33:14,064 - utils.ris_controller - INFO - Data sent. Waiting for response...
2025-03-10 16:33:15,193 - utils.ris_controller - INFO - Received response: FEFE
2025-03-10 16:33:19,205 - app - INFO - Processing request with parameters: {'RIS_Case': 2, 'freq': 28.0, 'xi': 10.5, 'yi': 5.2, 'zi': 2.3, 'xr': -210.0, 'yr': 20.0, 'zr': 1.0, 'theta_i': 0.0, 'phi_i': 0.0, 'theta_r': 60.0, 'phi_r': 0.0, 'bits': 8.0, 'num_px': 1.0, 'num_py': 1.0, 'fig': 3.0, 'id_panel': '01', 'com_port': 14, 'use_matlab': False}
2025-03-10 16:33:19,206 - app - INFO - Using pre-calculated approach (方案二)
2025-03-10 16:33:19,207 - utils.ris_controller - INFO - Prepared fixed packet of 810 bytes
2025-03-10 16:33:19,208 - utils.ris_controller - INFO - Sending to RIS device on COM14
2025-03-10 16:33:19,226 - utils.ris_controller - INFO - Sending 810 bytes to COM14
2025-03-10 16:33:19,227 - utils.ris_controller - INFO - Data sent. Waiting for response...
2025-03-10 16:33:20,351 - utils.ris_controller - INFO - Received response: FEFE
2025-03-10 16:33:33,485 - app - INFO - Processing request with parameters: {'RIS_Case': 2, 'freq': 28.0, 'xi': 10.5, 'yi': 5.2, 'zi': 2.3, 'xr': -210.0, 'yr': 20.0, 'zr': 1.0, 'theta_i': 0.0, 'phi_i': 0.0, 'theta_r': 60.0, 'phi_r': 0.0, 'bits': 8.0, 'num_px': 1.0, 'num_py': 1.0, 'fig': 3.0, 'id_panel': '01', 'com_port': 14, 'use_matlab': False}
2025-03-10 16:33:33,486 - app - INFO - Using pre-calculated approach (方案二)
2025-03-10 16:33:33,487 - utils.ris_controller - INFO - Prepared fixed packet of 810 bytes
2025-03-10 16:33:33,488 - utils.ris_controller - INFO - Sending to RIS device on COM14
2025-03-10 16:33:33,505 - utils.ris_controller - INFO - Sending 810 bytes to COM14
2025-03-10 16:33:33,506 - utils.ris_controller - INFO - Data sent. Waiting for response...
2025-03-10 16:33:34,619 - utils.ris_controller - INFO - Received response: FEFE
2025-03-11 16:01:23,676 - app - INFO - Starting MATLAB engine...
2025-03-11 16:01:23,678 - utils.matlab_interface - INFO - Starting MATLAB engine...
2025-03-11 16:03:26,599 - app - INFO - Starting MATLAB engine...
2025-03-11 16:03:26,599 - utils.matlab_interface - INFO - Starting MATLAB engine...
2025-03-11 16:03:40,790 - utils.matlab_interface - INFO - Added MATLAB toolbox path: YTTEK_YTRS0289_release_2024_v1/release/UART/Tool
2025-03-11 16:03:40,794 - utils.matlab_interface - INFO - MATLAB engine started successfully
2025-03-11 16:03:40,796 - app - INFO - MATLAB engine started successfully
2025-03-11 16:03:40,796 - utils.matlab_ris_controller - INFO - MATLAB RIS控制器已初始化
2025-03-11 16:03:40,830 - waitress - INFO - Serving on http://0.0.0.0:5000
2025-03-11 16:03:50,494 - app - INFO - Processing request with parameters: {'RIS_Case': 2, 'freq': 28.0, 'xi': 10.5, 'yi': 5.2, 'zi': 2.3, 'xr': -210.0, 'yr': 20.0, 'zr': 1.0, 'theta_i': 0.0, 'phi_i': 0.0, 'theta_r': 60.0, 'phi_r': 0.0, 'bits': 8.0, 'num_px': 1.0, 'num_py': 1.0, 'fig': 3.0, 'id_panel': '01', 'com_port': 14, 'use_matlab': False}
2025-03-11 16:03:50,498 - app - INFO - Using pre-calculated approach (方案二)
2025-03-11 16:03:50,500 - utils.ris_controller - INFO - Prepared fixed packet of 810 bytes
2025-03-11 16:03:50,500 - utils.ris_controller - INFO - Sending to RIS device on COM14
2025-03-11 16:03:50,525 - utils.ris_controller - INFO - Sending 810 bytes to COM14
2025-03-11 16:03:50,527 - utils.ris_controller - INFO - Data sent. Waiting for response...
2025-03-11 16:03:52,052 - utils.ris_controller - INFO - Received response: FE
2025-03-11 16:19:40,663 - app - INFO - Starting MATLAB engine...
2025-03-11 16:19:40,665 - utils.matlab_interface - INFO - Starting MATLAB engine...
2025-03-11 16:20:45,139 - utils.matlab_interface - INFO - Added MATLAB toolbox path: YTTEK_YTRS0289_release_2024_v1/release/UART/Tool
2025-03-11 16:20:45,168 - utils.matlab_interface - INFO - MATLAB engine started successfully
2025-03-11 16:20:45,170 - app - INFO - MATLAB engine started successfully
2025-03-11 16:20:45,171 - utils.matlab_ris_controller - INFO - MATLAB RIS控制器已初始化
2025-03-11 16:20:45,368 - waitress - INFO - Serving on http://0.0.0.0:5000
2025-03-12 13:47:08,929 - app - INFO - Starting MATLAB engine...
2025-03-12 13:47:08,929 - utils.matlab_interface - INFO - Starting MATLAB engine...
2025-03-12 13:48:19,337 - utils.matlab_interface - INFO - Added MATLAB toolbox path: YTTEK_YTRS0289_release_2024_v1/release/UART/Tool
2025-03-12 13:48:19,338 - utils.matlab_interface - INFO - MATLAB engine started successfully
2025-03-12 13:48:19,338 - app - INFO - MATLAB engine started successfully
2025-03-12 13:48:19,339 - utils.matlab_ris_controller - INFO - MATLAB RIS控制器已初始化
2025-03-12 13:48:19,360 - waitress - INFO - Serving on http://0.0.0.0:5000
2025-03-12 13:48:58,226 - app - INFO - Processing request with parameters: {'RIS_Case': 2, 'freq': 28.0, 'xi': 10.5, 'yi': 5.2, 'zi': 2.3, 'xr': -210.0, 'yr': 20.0, 'zr': 1.0, 'theta_i': 0.0, 'phi_i': 0.0, 'theta_r': 60.0, 'phi_r': 0.0, 'bits': 8.0, 'num_px': 1.0, 'num_py': 1.0, 'fig': 3.0, 'id_panel': '01', 'com_port': 14, 'use_matlab': False}
2025-03-12 13:48:58,232 - app - INFO - Using pre-calculated approach (方案二)
2025-03-12 13:48:58,245 - utils.ris_controller - INFO - Prepared fixed packet of 810 bytes
2025-03-12 13:48:58,252 - utils.ris_controller - INFO - Sending to RIS device on COM14
2025-03-12 13:48:58,360 - utils.ris_controller - ERROR - Error in serial communication: could not open port 'COM14': FileNotFoundError(2, '系統找不到指定的檔案。', None, 2)
2025-03-12 13:48:58,362 - utils.ris_controller - ERROR - Error in RIS processing: could not open port 'COM14': FileNotFoundError(2, '系統找不到指定的檔案。', None, 2)
Traceback (most recent call last):
  File "C:\Users\Hsh\Desktop\RIS-20250306\RIS_API_SERVER\utils\ris_controller.py", line 38, in process_and_send
    self.send_via_serial(params["com_port"], packet)
  File "C:\Users\Hsh\Desktop\RIS-20250306\RIS_API_SERVER\utils\ris_controller.py", line 100, in send_via_serial
    ser = serial.Serial(
  File "C:\Users\Hsh\Desktop\RIS-20250306\RIS_API_SERVER\.venv\lib\site-packages\serial\serialwin32.py", line 33, in __init__
    super(Serial, self).__init__(*args, **kwargs)
  File "C:\Users\Hsh\Desktop\RIS-20250306\RIS_API_SERVER\.venv\lib\site-packages\serial\serialutil.py", line 244, in __init__
    self.open()
  File "C:\Users\Hsh\Desktop\RIS-20250306\RIS_API_SERVER\.venv\lib\site-packages\serial\serialwin32.py", line 64, in open
    raise SerialException("could not open port {!r}: {!r}".format(self.portstr, ctypes.WinError()))
serial.serialutil.SerialException: could not open port 'COM14': FileNotFoundError(2, '系統找不到指定的檔案。', None, 2)
2025-03-12 13:48:58,478 - app - ERROR - Error processing request: could not open port 'COM14': FileNotFoundError(2, '系統找不到指定的檔案。', None, 2)
Traceback (most recent call last):
  File "C:\Users\Hsh\Desktop\RIS-20250306\RIS_API_SERVER\app.py", line 107, in set_ris
    result = ris_controller.process_and_send(params)
  File "C:\Users\Hsh\Desktop\RIS-20250306\RIS_API_SERVER\utils\ris_controller.py", line 38, in process_and_send
    self.send_via_serial(params["com_port"], packet)
  File "C:\Users\Hsh\Desktop\RIS-20250306\RIS_API_SERVER\utils\ris_controller.py", line 100, in send_via_serial
    ser = serial.Serial(
  File "C:\Users\Hsh\Desktop\RIS-20250306\RIS_API_SERVER\.venv\lib\site-packages\serial\serialwin32.py", line 33, in __init__
    super(Serial, self).__init__(*args, **kwargs)
  File "C:\Users\Hsh\Desktop\RIS-20250306\RIS_API_SERVER\.venv\lib\site-packages\serial\serialutil.py", line 244, in __init__
    self.open()
  File "C:\Users\Hsh\Desktop\RIS-20250306\RIS_API_SERVER\.venv\lib\site-packages\serial\serialwin32.py", line 64, in open
    raise SerialException("could not open port {!r}: {!r}".format(self.portstr, ctypes.WinError()))
serial.serialutil.SerialException: could not open port 'COM14': FileNotFoundError(2, '系統找不到指定的檔案。', None, 2)
2025-03-12 13:49:15,920 - app - INFO - Processing request with parameters: {'RIS_Case': 2, 'freq': 28.0, 'xi': 10.5, 'yi': 5.2, 'zi': 2.3, 'xr': -210.0, 'yr': 20.0, 'zr': 1.0, 'theta_i': 0.0, 'phi_i': 0.0, 'theta_r': 60.0, 'phi_r': 0.0, 'bits': 8.0, 'num_px': 1.0, 'num_py': 1.0, 'fig': 3.0, 'id_panel': '01', 'com_port': 14, 'use_matlab': False}
2025-03-12 13:49:15,921 - app - INFO - Using pre-calculated approach (方案二)
2025-03-12 13:49:15,923 - utils.ris_controller - INFO - Prepared fixed packet of 810 bytes
2025-03-12 13:49:15,923 - utils.ris_controller - INFO - Sending to RIS device on COM14
2025-03-12 13:49:16,529 - utils.ris_controller - INFO - Sending 810 bytes to COM14
2025-03-12 13:49:16,530 - utils.ris_controller - INFO - Data sent. Waiting for response...
2025-03-12 13:49:17,652 - utils.ris_controller - INFO - Received response: FEFE
2025-03-12 14:57:40,085 - app - INFO - Starting MATLAB engine...
2025-03-12 14:57:40,086 - utils.matlab_interface - INFO - Starting MATLAB engine...
2025-03-12 14:58:41,024 - utils.matlab_interface - INFO - Added MATLAB toolbox path: YTTEK_YTRS0289_release_2024_v1/release/UART/Tool
2025-03-12 14:58:41,042 - utils.matlab_interface - INFO - MATLAB engine started successfully
2025-03-12 14:58:41,044 - app - INFO - MATLAB engine started successfully
2025-03-12 14:58:41,045 - utils.matlab_ris_controller - INFO - MATLAB RIS控制器已初始化
2025-03-12 14:58:41,110 - waitress - INFO - Serving on http://0.0.0.0:5000
2025-03-12 14:58:53,787 - app - INFO - Processing request with parameters: {'RIS_Case': 2, 'freq': 28.0, 'xi': 10.5, 'yi': 5.2, 'zi': 2.3, 'xr': -210.0, 'yr': 20.0, 'zr': 1.0, 'theta_i': 0.0, 'phi_i': 0.0, 'theta_r': 60.0, 'phi_r': 0.0, 'bits': 8.0, 'num_px': 1.0, 'num_py': 1.0, 'fig': 3.0, 'id_panel': '01', 'com_port': 14, 'use_matlab': False}
2025-03-12 14:58:53,796 - app - INFO - Using pre-calculated approach (方案二)
2025-03-12 14:58:53,809 - utils.ris_controller - INFO - Prepared fixed packet of 810 bytes
2025-03-12 14:58:53,810 - utils.ris_controller - INFO - Sending to RIS device on COM14
2025-03-12 14:58:53,820 - utils.ris_controller - ERROR - Error in serial communication: could not open port 'COM14': FileNotFoundError(2, '系統找不到指定的檔案。', None, 2)
2025-03-12 14:58:53,824 - utils.ris_controller - ERROR - Error in RIS processing: could not open port 'COM14': FileNotFoundError(2, '系統找不到指定的檔案。', None, 2)
Traceback (most recent call last):
  File "C:\Users\Hsh\Desktop\RIS-20250306\RIS_API_SERVER\utils\ris_controller.py", line 38, in process_and_send
    logger.info(f"Sending to RIS device on COM{params['com_port']}")
  File "C:\Users\Hsh\Desktop\RIS-20250306\RIS_API_SERVER\utils\ris_controller.py", line 100, in send_via_serial
    # 根據操作系統選擇正確的串口路徑
  File "C:\Users\Hsh\Desktop\RIS-20250306\RIS_API_SERVER\.venv\lib\site-packages\serial\serialwin32.py", line 33, in __init__
    super(Serial, self).__init__(*args, **kwargs)
  File "C:\Users\Hsh\Desktop\RIS-20250306\RIS_API_SERVER\.venv\lib\site-packages\serial\serialutil.py", line 244, in __init__
    self.open()
  File "C:\Users\Hsh\Desktop\RIS-20250306\RIS_API_SERVER\.venv\lib\site-packages\serial\serialwin32.py", line 64, in open
    raise SerialException("could not open port {!r}: {!r}".format(self.portstr, ctypes.WinError()))
serial.serialutil.SerialException: could not open port 'COM14': FileNotFoundError(2, '系統找不到指定的檔案。', None, 2)
2025-03-12 14:58:53,840 - app - ERROR - Error processing request: could not open port 'COM14': FileNotFoundError(2, '系統找不到指定的檔案。', None, 2)
Traceback (most recent call last):
  File "C:\Users\Hsh\Desktop\RIS-20250306\RIS_API_SERVER\app.py", line 107, in set_ris
    result = ris_controller.process_and_send(params)
  File "C:\Users\Hsh\Desktop\RIS-20250306\RIS_API_SERVER\utils\ris_controller.py", line 38, in process_and_send
    logger.info(f"Sending to RIS device on COM{params['com_port']}")
  File "C:\Users\Hsh\Desktop\RIS-20250306\RIS_API_SERVER\utils\ris_controller.py", line 100, in send_via_serial
    # 根據操作系統選擇正確的串口路徑
  File "C:\Users\Hsh\Desktop\RIS-20250306\RIS_API_SERVER\.venv\lib\site-packages\serial\serialwin32.py", line 33, in __init__
    super(Serial, self).__init__(*args, **kwargs)
  File "C:\Users\Hsh\Desktop\RIS-20250306\RIS_API_SERVER\.venv\lib\site-packages\serial\serialutil.py", line 244, in __init__
    self.open()
  File "C:\Users\Hsh\Desktop\RIS-20250306\RIS_API_SERVER\.venv\lib\site-packages\serial\serialwin32.py", line 64, in open
    raise SerialException("could not open port {!r}: {!r}".format(self.portstr, ctypes.WinError()))
serial.serialutil.SerialException: could not open port 'COM14': FileNotFoundError(2, '系統找不到指定的檔案。', None, 2)
2025-03-12 14:59:12,452 - app - INFO - Processing request with parameters: {'RIS_Case': 2, 'freq': 28.0, 'xi': 10.5, 'yi': 5.2, 'zi': 2.3, 'xr': -210.0, 'yr': 20.0, 'zr': 1.0, 'theta_i': 0.0, 'phi_i': 0.0, 'theta_r': 60.0, 'phi_r': 0.0, 'bits': 8.0, 'num_px': 1.0, 'num_py': 1.0, 'fig': 3.0, 'id_panel': '01', 'com_port': 14, 'use_matlab': False}
2025-03-12 14:59:12,454 - app - INFO - Using pre-calculated approach (方案二)
2025-03-12 14:59:12,458 - utils.ris_controller - INFO - Prepared fixed packet of 810 bytes
2025-03-12 14:59:12,459 - utils.ris_controller - INFO - Sending to RIS device on COM14
2025-03-12 14:59:12,460 - utils.ris_controller - ERROR - Error in serial communication: could not open port 'COM14': FileNotFoundError(2, '系統找不到指定的檔案。', None, 2)
2025-03-12 14:59:12,463 - utils.ris_controller - ERROR - Error in RIS processing: could not open port 'COM14': FileNotFoundError(2, '系統找不到指定的檔案。', None, 2)
Traceback (most recent call last):
  File "C:\Users\Hsh\Desktop\RIS-20250306\RIS_API_SERVER\utils\ris_controller.py", line 38, in process_and_send
    logger.info(f"Sending to RIS device on COM{params['com_port']}")
  File "C:\Users\Hsh\Desktop\RIS-20250306\RIS_API_SERVER\utils\ris_controller.py", line 100, in send_via_serial
    # 根據操作系統選擇正確的串口路徑
  File "C:\Users\Hsh\Desktop\RIS-20250306\RIS_API_SERVER\.venv\lib\site-packages\serial\serialwin32.py", line 33, in __init__
    super(Serial, self).__init__(*args, **kwargs)
  File "C:\Users\Hsh\Desktop\RIS-20250306\RIS_API_SERVER\.venv\lib\site-packages\serial\serialutil.py", line 244, in __init__
    self.open()
  File "C:\Users\Hsh\Desktop\RIS-20250306\RIS_API_SERVER\.venv\lib\site-packages\serial\serialwin32.py", line 64, in open
    raise SerialException("could not open port {!r}: {!r}".format(self.portstr, ctypes.WinError()))
serial.serialutil.SerialException: could not open port 'COM14': FileNotFoundError(2, '系統找不到指定的檔案。', None, 2)
2025-03-12 14:59:12,465 - app - ERROR - Error processing request: could not open port 'COM14': FileNotFoundError(2, '系統找不到指定的檔案。', None, 2)
Traceback (most recent call last):
  File "C:\Users\Hsh\Desktop\RIS-20250306\RIS_API_SERVER\app.py", line 107, in set_ris
    result = ris_controller.process_and_send(params)
  File "C:\Users\Hsh\Desktop\RIS-20250306\RIS_API_SERVER\utils\ris_controller.py", line 38, in process_and_send
    logger.info(f"Sending to RIS device on COM{params['com_port']}")
  File "C:\Users\Hsh\Desktop\RIS-20250306\RIS_API_SERVER\utils\ris_controller.py", line 100, in send_via_serial
    # 根據操作系統選擇正確的串口路徑
  File "C:\Users\Hsh\Desktop\RIS-20250306\RIS_API_SERVER\.venv\lib\site-packages\serial\serialwin32.py", line 33, in __init__
    super(Serial, self).__init__(*args, **kwargs)
  File "C:\Users\Hsh\Desktop\RIS-20250306\RIS_API_SERVER\.venv\lib\site-packages\serial\serialutil.py", line 244, in __init__
    self.open()
  File "C:\Users\Hsh\Desktop\RIS-20250306\RIS_API_SERVER\.venv\lib\site-packages\serial\serialwin32.py", line 64, in open
    raise SerialException("could not open port {!r}: {!r}".format(self.portstr, ctypes.WinError()))
serial.serialutil.SerialException: could not open port 'COM14': FileNotFoundError(2, '系統找不到指定的檔案。', None, 2)
2025-03-12 15:00:13,171 - app - INFO - Starting MATLAB engine...
2025-03-12 15:00:13,172 - utils.matlab_interface - INFO - Starting MATLAB engine...
2025-03-12 15:00:35,023 - utils.matlab_interface - INFO - Added MATLAB toolbox path: YTTEK_YTRS0289_release_2024_v1/release/UART/Tool
2025-03-12 15:00:35,027 - utils.matlab_interface - INFO - MATLAB engine started successfully
2025-03-12 15:00:35,028 - app - INFO - MATLAB engine started successfully
2025-03-12 15:00:35,029 - utils.matlab_ris_controller - INFO - MATLAB RIS控制器已初始化
2025-03-12 15:00:35,056 - waitress - INFO - Serving on http://0.0.0.0:5000
2025-03-12 15:00:39,380 - app - INFO - Processing request with parameters: {'RIS_Case': 2, 'freq': 28.0, 'xi': 10.5, 'yi': 5.2, 'zi': 2.3, 'xr': -210.0, 'yr': 20.0, 'zr': 1.0, 'theta_i': 0.0, 'phi_i': 0.0, 'theta_r': 60.0, 'phi_r': 0.0, 'bits': 8.0, 'num_px': 1.0, 'num_py': 1.0, 'fig': 3.0, 'id_panel': '01', 'com_port': 14, 'use_matlab': False}
2025-03-12 15:00:39,389 - app - INFO - Using pre-calculated approach (方案二)
2025-03-12 15:00:39,401 - utils.ris_controller - INFO - Prepared fixed packet of 810 bytes
2025-03-12 15:00:39,402 - utils.ris_controller - INFO - Sending to RIS device on COM14
2025-03-12 15:00:39,418 - utils.ris_controller - ERROR - Error in serial communication: could not open port 'COM14': FileNotFoundError(2, '系統找不到指定的檔案。', None, 2)
2025-03-12 15:00:39,419 - utils.ris_controller - ERROR - Error in RIS processing: could not open port 'COM14': FileNotFoundError(2, '系統找不到指定的檔案。', None, 2)
Traceback (most recent call last):
  File "C:\Users\Hsh\Desktop\RIS-20250306\RIS_API_SERVER\utils\ris_controller.py", line 38, in process_and_send
    self.send_via_serial(params["com_port"], packet)
  File "C:\Users\Hsh\Desktop\RIS-20250306\RIS_API_SERVER\utils\ris_controller.py", line 100, in send_via_serial
    ser = serial.Serial(
  File "C:\Users\Hsh\Desktop\RIS-20250306\RIS_API_SERVER\.venv\lib\site-packages\serial\serialwin32.py", line 33, in __init__
    super(Serial, self).__init__(*args, **kwargs)
  File "C:\Users\Hsh\Desktop\RIS-20250306\RIS_API_SERVER\.venv\lib\site-packages\serial\serialutil.py", line 244, in __init__
    self.open()
  File "C:\Users\Hsh\Desktop\RIS-20250306\RIS_API_SERVER\.venv\lib\site-packages\serial\serialwin32.py", line 64, in open
    raise SerialException("could not open port {!r}: {!r}".format(self.portstr, ctypes.WinError()))
serial.serialutil.SerialException: could not open port 'COM14': FileNotFoundError(2, '系統找不到指定的檔案。', None, 2)
2025-03-12 15:00:39,431 - app - ERROR - Error processing request: could not open port 'COM14': FileNotFoundError(2, '系統找不到指定的檔案。', None, 2)
Traceback (most recent call last):
  File "C:\Users\Hsh\Desktop\RIS-20250306\RIS_API_SERVER\app.py", line 107, in set_ris
    result = ris_controller.process_and_send(params)
  File "C:\Users\Hsh\Desktop\RIS-20250306\RIS_API_SERVER\utils\ris_controller.py", line 38, in process_and_send
    self.send_via_serial(params["com_port"], packet)
  File "C:\Users\Hsh\Desktop\RIS-20250306\RIS_API_SERVER\utils\ris_controller.py", line 100, in send_via_serial
    ser = serial.Serial(
  File "C:\Users\Hsh\Desktop\RIS-20250306\RIS_API_SERVER\.venv\lib\site-packages\serial\serialwin32.py", line 33, in __init__
    super(Serial, self).__init__(*args, **kwargs)
  File "C:\Users\Hsh\Desktop\RIS-20250306\RIS_API_SERVER\.venv\lib\site-packages\serial\serialutil.py", line 244, in __init__
    self.open()
  File "C:\Users\Hsh\Desktop\RIS-20250306\RIS_API_SERVER\.venv\lib\site-packages\serial\serialwin32.py", line 64, in open
    raise SerialException("could not open port {!r}: {!r}".format(self.portstr, ctypes.WinError()))
serial.serialutil.SerialException: could not open port 'COM14': FileNotFoundError(2, '系統找不到指定的檔案。', None, 2)
2025-03-12 15:01:44,305 - app - INFO - Processing request with parameters: {'RIS_Case': 2, 'freq': 28.0, 'xi': 10.5, 'yi': 5.2, 'zi': 2.3, 'xr': -210.0, 'yr': 20.0, 'zr': 1.0, 'theta_i': 0.0, 'phi_i': 0.0, 'theta_r': 60.0, 'phi_r': 0.0, 'bits': 8.0, 'num_px': 1.0, 'num_py': 1.0, 'fig': 3.0, 'id_panel': '01', 'com_port': 14, 'use_matlab': False}
2025-03-12 15:01:44,317 - app - INFO - Using pre-calculated approach (方案二)
2025-03-12 15:01:44,335 - utils.ris_controller - INFO - Prepared fixed packet of 810 bytes
2025-03-12 15:01:44,335 - utils.ris_controller - INFO - Sending to RIS device on COM14
2025-03-12 15:01:44,359 - utils.ris_controller - INFO - Sending 810 bytes to COM14
2025-03-12 15:01:44,360 - utils.ris_controller - INFO - Data sent. Waiting for response...
2025-03-12 15:01:45,492 - utils.ris_controller - INFO - Received response: FEFE
2025-03-12 15:02:19,869 - app - INFO - Processing request with parameters: {'RIS_Case': 2, 'freq': 28.0, 'xi': 10.5, 'yi': 5.2, 'zi': 2.3, 'xr': -210.0, 'yr': 20.0, 'zr': 1.0, 'theta_i': 0.0, 'phi_i': 0.0, 'theta_r': 60.0, 'phi_r': 0.0, 'bits': 8.0, 'num_px': 1.0, 'num_py': 1.0, 'fig': 3.0, 'id_panel': '01', 'com_port': 14, 'use_matlab': False}
2025-03-12 15:02:19,874 - app - INFO - Using pre-calculated approach (方案二)
2025-03-12 15:02:19,881 - utils.ris_controller - INFO - Prepared fixed packet of 810 bytes
2025-03-12 15:02:19,882 - utils.ris_controller - INFO - Sending to RIS device on COM14
2025-03-12 15:02:19,889 - utils.ris_controller - INFO - Sending 810 bytes to COM14
2025-03-12 15:02:19,890 - utils.ris_controller - INFO - Data sent. Waiting for response...
2025-03-12 15:02:21,000 - utils.ris_controller - INFO - Received response: FEFE
2025-03-12 15:02:46,755 - app - INFO - Processing request with parameters: {'RIS_Case': 2, 'freq': 28.0, 'xi': 10.5, 'yi': 5.2, 'zi': 2.3, 'xr': -210.0, 'yr': 20.0, 'zr': 1.0, 'theta_i': 0.0, 'phi_i': 0.0, 'theta_r': 60.0, 'phi_r': 0.0, 'bits': 8.0, 'num_px': 1.0, 'num_py': 1.0, 'fig': 3.0, 'id_panel': '01', 'com_port': 14, 'use_matlab': False}
2025-03-12 15:02:46,757 - app - INFO - Using pre-calculated approach (方案二)
2025-03-12 15:02:46,758 - utils.ris_controller - INFO - Prepared fixed packet of 810 bytes
2025-03-12 15:02:46,758 - utils.ris_controller - INFO - Sending to RIS device on COM14
2025-03-12 15:02:46,777 - utils.ris_controller - INFO - Sending 810 bytes to COM14
2025-03-12 15:02:46,778 - utils.ris_controller - INFO - Data sent. Waiting for response...
2025-03-12 15:02:47,910 - utils.ris_controller - INFO - Received response: FEFE
2025-03-12 15:03:06,724 - app - INFO - Processing request with parameters: {'RIS_Case': 2, 'freq': 28.0, 'xi': 10.5, 'yi': 5.2, 'zi': 2.3, 'xr': -210.0, 'yr': 20.0, 'zr': 1.0, 'theta_i': 0.0, 'phi_i': 0.0, 'theta_r': 60.0, 'phi_r': 0.0, 'bits': 8.0, 'num_px': 1.0, 'num_py': 1.0, 'fig': 3.0, 'id_panel': '01', 'com_port': 14, 'use_matlab': True}
2025-03-12 15:03:06,725 - app - INFO - Using MATLAB direct control (方案一)
2025-03-12 15:03:06,726 - utils.matlab_ris_controller - INFO - 開始計算RIS相位...
2025-03-12 15:03:38,330 - utils.matlab_ris_controller - INFO - 相位計算完成
2025-03-12 15:03:38,340 - utils.matlab_ris_controller - INFO - 開始計算電壓分布...
2025-03-12 15:03:50,731 - utils.matlab_ris_controller - INFO - 電壓計算完成
2025-03-12 15:03:50,732 - utils.matlab_ris_controller - INFO - 通過MATLAB發送數據到RIS (COM14)...
2025-03-12 15:03:51,456 - utils.matlab_ris_controller - INFO - 數據發送完成
2025-03-12 15:03:51,481 - utils.matlab_ris_controller - INFO - 電壓矩陣大小: 20x20
2025-03-12 15:14:36,238 - app - INFO - Processing request with parameters: {'RIS_Case': 2, 'freq': 28.0, 'xi': 10.5, 'yi': 5.2, 'zi': 2.3, 'xr': -210.0, 'yr': 20.0, 'zr': 1.0, 'theta_i': 0.0, 'phi_i': 0.0, 'theta_r': 60.0, 'phi_r': 0.0, 'bits': 8.0, 'num_px': 1.0, 'num_py': 1.0, 'fig': 3.0, 'id_panel': '01', 'com_port': 14, 'use_matlab': True}
2025-03-12 15:14:36,242 - app - INFO - Using MATLAB direct control (方案一)
2025-03-12 15:14:36,243 - utils.matlab_ris_controller - INFO - 開始計算RIS相位...
2025-03-12 15:14:39,883 - utils.matlab_ris_controller - INFO - 相位計算完成
2025-03-12 15:14:39,883 - utils.matlab_ris_controller - INFO - 開始計算電壓分布...
2025-03-12 15:14:41,046 - utils.matlab_ris_controller - INFO - 電壓計算完成
2025-03-12 15:14:41,047 - utils.matlab_ris_controller - INFO - 通過MATLAB發送數據到RIS (COM14)...
2025-03-12 15:14:41,629 - utils.matlab_ris_controller - INFO - 數據發送完成
2025-03-12 15:14:41,643 - utils.matlab_ris_controller - INFO - 電壓矩陣大小: 20x20
2025-03-12 15:14:53,183 - app - INFO - Processing request with parameters: {'RIS_Case': 2, 'freq': 28.0, 'xi': 10.5, 'yi': 5.2, 'zi': 2.3, 'xr': -210.0, 'yr': 20.0, 'zr': 1.0, 'theta_i': 0.0, 'phi_i': 0.0, 'theta_r': 60.0, 'phi_r': 0.0, 'bits': 8.0, 'num_px': 1.0, 'num_py': 1.0, 'fig': 3.0, 'id_panel': '01', 'com_port': 14, 'use_matlab': False}
2025-03-12 15:14:53,184 - app - INFO - Using pre-calculated approach (方案二)
2025-03-12 15:14:53,187 - utils.ris_controller - INFO - Prepared fixed packet of 810 bytes
2025-03-12 15:14:53,187 - utils.ris_controller - INFO - Sending to RIS device on COM14
2025-03-12 15:14:53,198 - utils.ris_controller - INFO - Sending 810 bytes to COM14
2025-03-12 15:14:53,199 - utils.ris_controller - INFO - Data sent. Waiting for response...
2025-03-12 15:14:54,322 - utils.ris_controller - INFO - Received response: FEFE
2025-03-12 15:16:26,610 - app - INFO - Starting MATLAB engine...
2025-03-12 15:16:26,610 - utils.matlab_interface - INFO - Starting MATLAB engine...
2025-03-12 15:16:35,493 - utils.matlab_interface - INFO - Added MATLAB toolbox path: YTTEK_YTRS0289_release_2024_v1/release/UART/Tool
2025-03-12 15:16:35,496 - utils.matlab_interface - INFO - MATLAB engine started successfully
2025-03-12 15:16:35,497 - utils.matlab_ris_controller - INFO - MATLAB RIS控制器已初始化
2025-03-12 15:16:35,497 - app - INFO - MATLAB engine started successfully
2025-03-12 15:16:35,525 - waitress - INFO - Serving on http://0.0.0.0:5000
2025-03-12 15:16:42,541 - app - INFO - Processing request with parameters: {'RIS_Case': 2, 'freq': 28.0, 'xi': 10.5, 'yi': 5.2, 'zi': 2.3, 'xr': -210.0, 'yr': 20.0, 'zr': 1.0, 'theta_i': 0.0, 'phi_i': 0.0, 'theta_r': 60.0, 'phi_r': 0.0, 'bits': 8.0, 'num_px': 1.0, 'num_py': 1.0, 'fig': 3.0, 'id_panel': '01', 'com_port': 14, 'use_matlab': False}
2025-03-12 15:16:42,543 - app - INFO - Using pre-calculated approach (方案二)
2025-03-12 15:16:42,546 - utils.ris_controller - INFO - Prepared fixed packet of 810 bytes
2025-03-12 15:16:42,546 - utils.ris_controller - INFO - Sending to RIS device on COM14
2025-03-12 15:16:42,565 - utils.ris_controller - INFO - Sending 810 bytes to COM14
2025-03-12 15:16:42,566 - utils.ris_controller - INFO - Data sent. Waiting for response...
2025-03-12 15:16:43,680 - utils.ris_controller - INFO - Received response: FEFE
2025-03-12 15:18:12,792 - app - INFO - Processing request with parameters: {'RIS_Case': 2, 'freq': 28.0, 'xi': 10.5, 'yi': 5.2, 'zi': 2.3, 'xr': -210.0, 'yr': 20.0, 'zr': 1.0, 'theta_i': 0.0, 'phi_i': 0.0, 'theta_r': 60.0, 'phi_r': 0.0, 'bits': 8.0, 'num_px': 1.0, 'num_py': 1.0, 'fig': 3.0, 'id_panel': '01', 'com_port': 14, 'use_matlab': False}
2025-03-12 15:18:12,793 - app - INFO - Using pre-calculated approach (方案二)
2025-03-12 15:18:12,795 - utils.ris_controller - INFO - Prepared fixed packet of 810 bytes
2025-03-12 15:18:12,795 - utils.ris_controller - INFO - Sending to RIS device on COM14
2025-03-12 15:18:12,814 - utils.ris_controller - INFO - Sending 810 bytes to COM14
2025-03-12 15:18:12,815 - utils.ris_controller - INFO - Data sent. Waiting for response...
2025-03-12 15:18:13,926 - utils.ris_controller - INFO - Received response: FEFE
2025-03-12 15:19:12,865 - app - INFO - Processing request with parameters: {'RIS_Case': 2, 'freq': 28.0, 'xi': 10.5, 'yi': 5.2, 'zi': 2.3, 'xr': -210.0, 'yr': 20.0, 'zr': 1.0, 'theta_i': 0.0, 'phi_i': 0.0, 'theta_r': 60.0, 'phi_r': 0.0, 'bits': 8.0, 'num_px': 1.0, 'num_py': 1.0, 'fig': 3.0, 'id_panel': '01', 'com_port': 14, 'use_matlab': False}
2025-03-12 15:19:12,866 - app - INFO - Using pre-calculated approach (方案二)
2025-03-12 15:19:12,867 - utils.ris_controller - INFO - Prepared fixed packet of 810 bytes
2025-03-12 15:19:12,867 - utils.ris_controller - INFO - Sending to RIS device on COM14
2025-03-12 15:19:12,886 - utils.ris_controller - INFO - Sending 810 bytes to COM14
2025-03-12 15:19:12,887 - utils.ris_controller - INFO - Data sent. Waiting for response...
2025-03-12 15:19:13,995 - utils.ris_controller - INFO - Received response: FEFE
2025-03-12 15:21:32,388 - app - INFO - Starting MATLAB engine...
2025-03-12 15:21:32,388 - utils.matlab_interface - INFO - Starting MATLAB engine...
2025-03-12 15:21:40,694 - utils.matlab_interface - INFO - Added MATLAB toolbox path: YTTEK_YTRS0289_release_2024_v1/release/UART/Tool
2025-03-12 15:21:40,695 - utils.matlab_interface - INFO - MATLAB engine started successfully
2025-03-12 15:21:40,696 - utils.matlab_ris_controller - INFO - MATLAB RIS控制器已初始化
2025-03-12 15:21:40,696 - app - INFO - MATLAB engine started successfully
2025-03-12 15:21:40,722 - waitress - INFO - Serving on http://0.0.0.0:5000
2025-03-12 15:21:56,456 - app - INFO - Processing request with parameters: {'RIS_Case': 2, 'freq': 28.0, 'xi': 10.5, 'yi': 5.2, 'zi': 2.3, 'xr': -210.0, 'yr': 20.0, 'zr': 1.0, 'theta_i': 0.0, 'phi_i': 0.0, 'theta_r': 60.0, 'phi_r': 0.0, 'bits': 8.0, 'num_px': 1.0, 'num_py': 1.0, 'fig': 3.0, 'id_panel': '01', 'com_port': 14, 'use_matlab': False}
2025-03-12 15:21:56,458 - app - INFO - Using pre-calculated approach (方案二)
2025-03-12 15:21:56,459 - utils.ris_controller - INFO - Prepared fixed packet of 810 bytes
2025-03-12 15:21:56,460 - utils.ris_controller - INFO - Sending to RIS device on COM14
2025-03-12 15:21:56,479 - utils.ris_controller - INFO - Sending 810 bytes to COM14
2025-03-12 15:21:56,480 - utils.ris_controller - INFO - Data sent. Waiting for response...
2025-03-12 15:21:57,602 - utils.ris_controller - INFO - Received response: FEFE
2025-03-12 15:22:19,357 - app - INFO - Processing request with parameters: {'RIS_Case': 2, 'freq': 28.0, 'xi': 10.5, 'yi': 5.2, 'zi': 2.3, 'xr': -210.0, 'yr': 20.0, 'zr': 1.0, 'theta_i': 0.0, 'phi_i': 0.0, 'theta_r': 60.0, 'phi_r': 0.0, 'bits': 8.0, 'num_px': 1.0, 'num_py': 1.0, 'fig': 3.0, 'id_panel': '01', 'com_port': 14, 'use_matlab': True}
2025-03-12 15:22:19,357 - app - INFO - Using MATLAB direct control (方案一)
2025-03-12 15:22:19,358 - utils.matlab_ris_controller - INFO - 開始計算RIS相位...
2025-03-12 15:22:23,044 - utils.matlab_ris_controller - INFO - 相位計算完成
2025-03-12 15:22:23,045 - utils.matlab_ris_controller - INFO - 開始計算電壓分布...
2025-03-12 15:22:23,798 - utils.matlab_ris_controller - INFO - 電壓計算完成
2025-03-12 15:22:23,798 - utils.matlab_ris_controller - INFO - 通過MATLAB發送數據到RIS (COM14)...
2025-03-12 15:22:24,376 - utils.matlab_ris_controller - INFO - 數據發送完成
2025-03-12 15:22:24,387 - utils.matlab_ris_controller - INFO - 電壓矩陣大小: 20x20
2025-03-12 15:24:40,408 - app - INFO - Starting MATLAB engine...
2025-03-12 15:24:40,409 - utils.matlab_interface - INFO - Starting MATLAB engine...
2025-03-12 15:24:48,284 - utils.matlab_interface - INFO - Added MATLAB toolbox path: YTTEK_YTRS0289_release_2024_v1/release/UART/Tool
2025-03-12 15:24:48,285 - utils.matlab_interface - INFO - MATLAB engine started successfully
2025-03-12 15:24:48,286 - utils.matlab_ris_controller - INFO - MATLAB RIS控制器已初始化
2025-03-12 15:24:48,287 - app - INFO - MATLAB engine started successfully
2025-03-12 15:24:48,311 - waitress - INFO - Serving on http://0.0.0.0:5000
2025-03-12 15:24:50,279 - app - INFO - Processing request with parameters: {'RIS_Case': 2, 'freq': 28.0, 'xi': 10.5, 'yi': 5.2, 'zi': 2.3, 'xr': -210.0, 'yr': 20.0, 'zr': 1.0, 'theta_i': 0.0, 'phi_i': 0.0, 'theta_r': 60.0, 'phi_r': 0.0, 'bits': 8.0, 'num_px': 1.0, 'num_py': 1.0, 'fig': 3.0, 'id_panel': '01', 'com_port': 14, 'use_matlab': True}
2025-03-12 15:24:50,280 - app - INFO - Using MATLAB direct control (方案一)
2025-03-12 15:24:50,280 - utils.matlab_ris_controller - INFO - 開始計算RIS相位...
2025-03-12 15:24:53,569 - utils.matlab_ris_controller - INFO - 相位計算完成
2025-03-12 15:24:53,569 - utils.matlab_ris_controller - INFO - 開始計算電壓分布...
2025-03-12 15:24:54,224 - utils.matlab_ris_controller - INFO - 電壓計算完成
2025-03-12 15:24:54,224 - utils.matlab_ris_controller - INFO - 通過MATLAB發送數據到RIS (COM14)...
2025-03-12 15:24:54,804 - utils.matlab_ris_controller - INFO - 數據發送完成
2025-03-12 15:24:54,807 - utils.matlab_ris_controller - INFO - 電壓矩陣大小: 20x20
2025-03-12 15:50:45,495 - app - INFO - Starting MATLAB engine...
2025-03-12 15:50:45,495 - utils.matlab_interface - INFO - Starting MATLAB engine...
2025-03-12 15:50:55,134 - utils.matlab_interface - INFO - Added MATLAB toolbox path: YTTEK_YTRS0289_release_2024_v1/release/UART/Tool
2025-03-12 15:50:55,135 - utils.matlab_interface - INFO - MATLAB engine started successfully
2025-03-12 15:50:55,136 - utils.matlab_ris_controller - INFO - MATLAB RIS控制器已初始化
2025-03-12 15:50:55,136 - app - INFO - MATLAB engine started successfully
2025-03-12 15:50:55,162 - waitress - INFO - Serving on http://0.0.0.0:5000
2025-03-12 15:51:00,506 - app - INFO - Request Headers: {'Content-Type': 'application/json', 'User-Agent': 'PostmanRuntime/7.43.0', 'Accept': '*/*', 'Postman-Token': '5e20652d-c711-4571-9175-cc2b9bd215d6', 'Host': '192.168.1.130:5000', 'Accept-Encoding': 'gzip, deflate, br', 'Connection': 'keep-alive', 'Content-Length': '97'}
2025-03-12 15:51:00,507 - app - INFO - Request URL: POST http://192.168.1.130:5000/set_ris
2025-03-12 15:51:00,508 - app - INFO - Request Body: {'xr': -210, 'yr': 20, 'zr': 1, 'fig': 3, 'use_matlab': False}
2025-03-12 15:51:00,508 - app - INFO - Processing request with parameters: {'RIS_Case': 2, 'freq': 28.0, 'xi': 10.5, 'yi': 5.2, 'zi': 2.3, 'xr': -210.0, 'yr': 20.0, 'zr': 1.0, 'theta_i': 0.0, 'phi_i': 0.0, 'theta_r': 60.0, 'phi_r': 0.0, 'bits': 8.0, 'num_px': 1.0, 'num_py': 1.0, 'fig': 3.0, 'id_panel': '01', 'com_port': 14, 'use_matlab': False}
2025-03-12 15:51:00,509 - app - INFO - Using pre-calculated approach (方案二)
2025-03-12 15:51:00,509 - utils.ris_controller - INFO - Prepared fixed packet of 810 bytes
2025-03-12 15:51:00,509 - utils.ris_controller - INFO - Sending to RIS device on COM14
2025-03-12 15:51:00,528 - utils.ris_controller - INFO - Sending 810 bytes to COM14
2025-03-12 15:51:00,529 - utils.ris_controller - INFO - Data sent. Waiting for response...
2025-03-12 15:51:01,640 - utils.ris_controller - INFO - Received response: FEFE
2025-03-12 15:51:01,642 - app - INFO - Response Status: 200 OK
2025-03-12 15:51:01,643 - app - INFO - Response Headers: {'Content-Type': 'application/json', 'Content-Length': '91'}
2025-03-12 17:00:29,493 - app - INFO - Starting MATLAB engine...
2025-03-12 17:00:29,494 - utils.matlab_interface - INFO - Starting MATLAB engine...
2025-03-12 17:01:21,728 - utils.matlab_interface - INFO - Added MATLAB toolbox path: YTTEK_YTRS0289_release_2024_v1/release/UART/Tool
2025-03-12 17:01:21,729 - utils.matlab_interface - INFO - MATLAB engine started successfully
2025-03-12 17:01:21,729 - utils.matlab_ris_controller - INFO - MATLAB RIS控制器已初始化
2025-03-12 17:01:21,729 - app - INFO - MATLAB engine started successfully
2025-03-12 17:01:21,748 - waitress - INFO - Serving on http://0.0.0.0:5000
2025-03-12 17:01:29,437 - app - INFO - Request Headers: {'Content-Type': 'application/json', 'User-Agent': 'PostmanRuntime/7.43.0', 'Accept': '*/*', 'Cache-Control': 'no-cache', 'Postman-Token': 'bcb0f9cb-0d25-4f94-bfd0-9afd9d9d611e', 'Host': 'localhost:5000', 'Accept-Encoding': 'gzip, deflate, br', 'Connection': 'keep-alive', 'Content-Length': '77'}
2025-03-12 17:01:29,438 - app - INFO - Request URL: POST http://localhost:5000/set_ris
2025-03-12 17:01:29,439 - app - INFO - Request Body: {'xr': 0, 'yr': 0, 'zr': 390, 'use_matlab': True}
2025-03-12 17:01:29,439 - app - INFO - Processing request with parameters: {'RIS_Case': 2, 'freq': 28.0, 'xi': 10.5, 'yi': 5.2, 'zi': 2.3, 'xr': 0.0, 'yr': 0.0, 'zr': 390.0, 'theta_i': 0.0, 'phi_i': 0.0, 'theta_r': 60.0, 'phi_r': 0.0, 'bits': 8.0, 'num_px': 1.0, 'num_py': 1.0, 'fig': 3.0, 'id_panel': '01', 'com_port': 14, 'use_matlab': True}
2025-03-12 17:01:29,439 - app - INFO - Using MATLAB direct control (方案一)
2025-03-12 17:01:29,440 - utils.matlab_ris_controller - INFO - 開始計算RIS相位...
2025-03-12 17:01:36,228 - utils.matlab_ris_controller - INFO - 相位計算完成
2025-03-12 17:01:36,229 - utils.matlab_ris_controller - INFO - 開始計算電壓分布...
2025-03-12 17:01:44,151 - utils.matlab_ris_controller - INFO - 電壓計算完成
2025-03-12 17:01:44,152 - utils.matlab_ris_controller - INFO - 通過MATLAB發送數據到RIS (COM14)...
2025-03-12 17:01:45,017 - utils.matlab_ris_controller - INFO - 數據發送完成
2025-03-12 17:01:45,023 - utils.matlab_ris_controller - INFO - 電壓矩陣大小: 20x20
2025-03-12 17:01:45,025 - app - INFO - Response Status: 200 OK
2025-03-12 17:01:45,026 - app - INFO - Response Headers: {'Content-Type': 'application/json', 'Content-Length': '4524'}
2025-03-12 17:02:22,247 - app - INFO - Request Headers: {'Content-Type': 'application/json', 'User-Agent': 'PostmanRuntime/7.43.0', 'Accept': '*/*', 'Cache-Control': 'no-cache', 'Postman-Token': '15144e5a-9041-489f-8226-c5008db7af47', 'Host': 'localhost:5000', 'Accept-Encoding': 'gzip, deflate, br', 'Connection': 'keep-alive', 'Content-Length': '78'}
2025-03-12 17:02:22,248 - app - INFO - Request URL: POST http://localhost:5000/set_ris
2025-03-12 17:02:22,248 - app - INFO - Request Body: {'xr': 0, 'yr': 0, 'zr': 390, 'use_matlab': False}
2025-03-12 17:02:22,249 - app - INFO - Processing request with parameters: {'RIS_Case': 2, 'freq': 28.0, 'xi': 10.5, 'yi': 5.2, 'zi': 2.3, 'xr': 0.0, 'yr': 0.0, 'zr': 390.0, 'theta_i': 0.0, 'phi_i': 0.0, 'theta_r': 60.0, 'phi_r': 0.0, 'bits': 8.0, 'num_px': 1.0, 'num_py': 1.0, 'fig': 3.0, 'id_panel': '01', 'com_port': 14, 'use_matlab': False}
2025-03-12 17:02:22,249 - app - INFO - Using pre-calculated approach (方案二)
2025-03-12 17:02:22,250 - utils.ris_controller - INFO - Prepared fixed packet of 810 bytes
2025-03-12 17:02:22,250 - utils.ris_controller - INFO - Sending to RIS device on COM14
2025-03-12 17:02:22,265 - utils.ris_controller - INFO - Sending 810 bytes to COM14
2025-03-12 17:02:22,265 - utils.ris_controller - INFO - Data sent. Waiting for response...
2025-03-12 17:02:23,397 - utils.ris_controller - INFO - Received response: FEFE
2025-03-12 17:02:23,398 - app - INFO - Response Status: 200 OK
2025-03-12 17:02:23,398 - app - INFO - Response Headers: {'Content-Type': 'application/json', 'Content-Length': '91'}
2025-03-12 17:27:27,999 - app - INFO - Starting MATLAB engine...
2025-03-12 17:27:27,999 - utils.matlab_interface - INFO - Starting MATLAB engine...
2025-03-12 17:27:37,647 - utils.matlab_interface - INFO - Added MATLAB toolbox path: YTTEK_YTRS0289_release_2024_v1/release/UART/Tool
2025-03-12 17:27:37,650 - utils.matlab_interface - INFO - MATLAB engine started successfully
2025-03-12 17:27:37,651 - utils.matlab_ris_controller - INFO - MATLAB RIS控制器已初始化
2025-03-12 17:27:37,652 - app - INFO - MATLAB engine started successfully
2025-03-12 17:27:37,714 - waitress - INFO - Serving on http://0.0.0.0:5000
2025-03-12 17:27:38,863 - app - INFO - Request Headers: {'Content-Type': 'application/json', 'User-Agent': 'PostmanRuntime/7.43.0', 'Accept': '*/*', 'Cache-Control': 'no-cache', 'Postman-Token': '69732795-ce3f-411a-b1e1-c6c5306dc9cb', 'Host': 'localhost:5000', 'Accept-Encoding': 'gzip, deflate, br', 'Connection': 'keep-alive', 'Content-Length': '79'}
2025-03-12 17:27:38,863 - app - INFO - Request URL: POST http://localhost:5000/set_ris
2025-03-12 17:27:38,864 - app - INFO - Request Body: {'xr': 10, 'yr': 0, 'zr': 390, 'use_matlab': False}
2025-03-12 17:27:38,865 - app - INFO - Processing request with parameters: {'RIS_Case': 2, 'freq': 28.0, 'xi': 10.5, 'yi': 5.2, 'zi': 2.3, 'xr': 10.0, 'yr': 0.0, 'zr': 390.0, 'theta_i': 0.0, 'phi_i': 0.0, 'theta_r': 60.0, 'phi_r': 0.0, 'bits': 8.0, 'num_px': 1.0, 'num_py': 1.0, 'fig': 3.0, 'id_panel': '01', 'com_port': 14, 'use_matlab': False}
2025-03-12 17:27:38,865 - app - INFO - Using pre-calculated approach (方案二)
2025-03-12 17:27:38,865 - utils.ris_controller - INFO - No input coordinates provided. Using default file: RIS_Busdata\input
2025-03-12 17:27:38,866 - utils.ris_controller - ERROR - Error preparing packet from file: [Errno 2] No such file or directory: 'RIS_Busdata\\input'
2025-03-12 17:27:38,866 - utils.ris_controller - ERROR - Error in RIS processing: [Errno 2] No such file or directory: 'RIS_Busdata\\input'
Traceback (most recent call last):
  File "C:\Users\Hsh\Desktop\RIS-20250306\RIS_API_SERVER\utils\ris_controller.py", line 36, in process_and_send
    packet = self._prepare_fixed_packet(params["id_panel"], params.get("input_coords"))
  File "C:\Users\Hsh\Desktop\RIS-20250306\RIS_API_SERVER\utils\ris_controller.py", line 88, in _prepare_fixed_packet
    with open(file_path, "rb") as f:
FileNotFoundError: [Errno 2] No such file or directory: 'RIS_Busdata\\input'
2025-03-12 17:27:38,867 - app - ERROR - Error processing request: [Errno 2] No such file or directory: 'RIS_Busdata\\input'
Traceback (most recent call last):
  File "C:\Users\Hsh\Desktop\RIS-20250306\RIS_API_SERVER\app.py", line 122, in set_ris
    result = ris_controller.process_and_send(params)
  File "C:\Users\Hsh\Desktop\RIS-20250306\RIS_API_SERVER\utils\ris_controller.py", line 36, in process_and_send
    packet = self._prepare_fixed_packet(params["id_panel"], params.get("input_coords"))
  File "C:\Users\Hsh\Desktop\RIS-20250306\RIS_API_SERVER\utils\ris_controller.py", line 88, in _prepare_fixed_packet
    with open(file_path, "rb") as f:
FileNotFoundError: [Errno 2] No such file or directory: 'RIS_Busdata\\input'
2025-03-12 17:27:38,869 - app - INFO - Response Status: 500 INTERNAL SERVER ERROR
2025-03-12 17:27:38,870 - app - INFO - Response Headers: {'Content-Type': 'application/json', 'Content-Length': '159'}
2025-03-12 17:27:41,173 - app - INFO - Request Headers: {'Content-Type': 'application/json', 'User-Agent': 'PostmanRuntime/7.43.0', 'Accept': '*/*', 'Cache-Control': 'no-cache', 'Postman-Token': '2e9d6c4a-cf69-4c46-a750-7b0b25503d6d', 'Host': 'localhost:5000', 'Accept-Encoding': 'gzip, deflate, br', 'Connection': 'keep-alive', 'Content-Length': '79'}
2025-03-12 17:27:41,173 - app - INFO - Request URL: POST http://localhost:5000/set_ris
2025-03-12 17:27:41,174 - app - INFO - Request Body: {'xr': 10, 'yr': 0, 'zr': 390, 'use_matlab': False}
2025-03-12 17:27:41,174 - app - INFO - Processing request with parameters: {'RIS_Case': 2, 'freq': 28.0, 'xi': 10.5, 'yi': 5.2, 'zi': 2.3, 'xr': 10.0, 'yr': 0.0, 'zr': 390.0, 'theta_i': 0.0, 'phi_i': 0.0, 'theta_r': 60.0, 'phi_r': 0.0, 'bits': 8.0, 'num_px': 1.0, 'num_py': 1.0, 'fig': 3.0, 'id_panel': '01', 'com_port': 14, 'use_matlab': False}
2025-03-12 17:27:41,174 - app - INFO - Using pre-calculated approach (方案二)
2025-03-12 17:27:41,175 - utils.ris_controller - INFO - No input coordinates provided. Using default file: RIS_Busdata\input
2025-03-12 17:27:41,175 - utils.ris_controller - ERROR - Error preparing packet from file: [Errno 2] No such file or directory: 'RIS_Busdata\\input'
2025-03-12 17:27:41,175 - utils.ris_controller - ERROR - Error in RIS processing: [Errno 2] No such file or directory: 'RIS_Busdata\\input'
Traceback (most recent call last):
  File "C:\Users\Hsh\Desktop\RIS-20250306\RIS_API_SERVER\utils\ris_controller.py", line 36, in process_and_send
    packet = self._prepare_fixed_packet(params["id_panel"], params.get("input_coords"))
  File "C:\Users\Hsh\Desktop\RIS-20250306\RIS_API_SERVER\utils\ris_controller.py", line 88, in _prepare_fixed_packet
    with open(file_path, "rb") as f:
FileNotFoundError: [Errno 2] No such file or directory: 'RIS_Busdata\\input'
2025-03-12 17:27:41,176 - app - ERROR - Error processing request: [Errno 2] No such file or directory: 'RIS_Busdata\\input'
Traceback (most recent call last):
  File "C:\Users\Hsh\Desktop\RIS-20250306\RIS_API_SERVER\app.py", line 122, in set_ris
    result = ris_controller.process_and_send(params)
  File "C:\Users\Hsh\Desktop\RIS-20250306\RIS_API_SERVER\utils\ris_controller.py", line 36, in process_and_send
    packet = self._prepare_fixed_packet(params["id_panel"], params.get("input_coords"))
  File "C:\Users\Hsh\Desktop\RIS-20250306\RIS_API_SERVER\utils\ris_controller.py", line 88, in _prepare_fixed_packet
    with open(file_path, "rb") as f:
FileNotFoundError: [Errno 2] No such file or directory: 'RIS_Busdata\\input'
2025-03-12 17:27:41,177 - app - INFO - Response Status: 500 INTERNAL SERVER ERROR
2025-03-12 17:27:41,177 - app - INFO - Response Headers: {'Content-Type': 'application/json', 'Content-Length': '159'}
2025-03-12 17:41:12,876 - app - INFO - Starting MATLAB engine...
2025-03-12 17:41:12,877 - utils.matlab_interface - INFO - Starting MATLAB engine...
2025-03-12 17:41:24,777 - utils.matlab_interface - INFO - Added MATLAB toolbox path: YTTEK_YTRS0289_release_2024_v1/release/UART/Tool
2025-03-12 17:41:24,778 - utils.matlab_interface - INFO - MATLAB engine started successfully
2025-03-12 17:41:24,779 - utils.matlab_ris_controller - INFO - MATLAB RIS控制器已初始化
2025-03-12 17:41:24,779 - app - INFO - MATLAB engine started successfully
2025-03-12 17:41:24,816 - waitress - INFO - Serving on http://0.0.0.0:5000
2025-03-12 17:41:27,813 - app - INFO - Request Headers: {'Content-Type': 'application/json', 'User-Agent': 'PostmanRuntime/7.43.0', 'Accept': '*/*', 'Cache-Control': 'no-cache', 'Postman-Token': '5bad7239-964d-440e-b284-09d3338705d3', 'Host': 'localhost:5000', 'Accept-Encoding': 'gzip, deflate, br', 'Connection': 'keep-alive', 'Content-Length': '79'}
2025-03-12 17:41:27,813 - app - INFO - Request URL: POST http://localhost:5000/set_ris
2025-03-12 17:41:27,814 - app - INFO - Request Body: {'xr': 10, 'yr': 0, 'zr': 390, 'use_matlab': False}
2025-03-12 17:41:27,814 - app - INFO - Processing request with parameters: {'RIS_Case': 2, 'freq': 28.0, 'xi': 10.5, 'yi': 5.2, 'zi': 2.3, 'xr': 10.0, 'yr': 0.0, 'zr': 390.0, 'theta_i': 0.0, 'phi_i': 0.0, 'theta_r': 60.0, 'phi_r': 0.0, 'bits': 8.0, 'num_px': 1.0, 'num_py': 1.0, 'fig': 3.0, 'id_panel': '01', 'com_port': 14, 'use_matlab': False}
2025-03-12 17:41:27,815 - app - INFO - Using pre-calculated approach (方案二)
2025-03-12 17:41:27,815 - utils.ris_controller - INFO - Selected data file: RIS_BusData/xi_200_yi_0_zi_390_xr_0_yr_0_zr_390.0_hex_data.txt (distance: 10.00)
2025-03-12 17:41:27,815 - utils.ris_controller - ERROR - Error preparing packet from data file: [Errno 2] No such file or directory: 'RIS_BusData/xi_200_yi_0_zi_390_xr_0_yr_0_zr_390.0_hex_data.txt'
2025-03-12 17:41:27,815 - utils.ris_controller - ERROR - Error in RIS processing: [Errno 2] No such file or directory: 'RIS_BusData/xi_200_yi_0_zi_390_xr_0_yr_0_zr_390.0_hex_data.txt'
Traceback (most recent call last):
  File "C:\Users\Hsh\Desktop\RIS-20250306\RIS_API_SERVER\utils\ris_controller.py", line 35, in process_and_send
    packet = self._prepare_fixed_packet(
  File "C:\Users\Hsh\Desktop\RIS-20250306\RIS_API_SERVER\utils\ris_controller.py", line 104, in _prepare_fixed_packet
    with open(filename, 'r') as f:
FileNotFoundError: [Errno 2] No such file or directory: 'RIS_BusData/xi_200_yi_0_zi_390_xr_0_yr_0_zr_390.0_hex_data.txt'
2025-03-12 17:41:27,816 - app - ERROR - Error processing request: [Errno 2] No such file or directory: 'RIS_BusData/xi_200_yi_0_zi_390_xr_0_yr_0_zr_390.0_hex_data.txt'
Traceback (most recent call last):
  File "C:\Users\Hsh\Desktop\RIS-20250306\RIS_API_SERVER\app.py", line 122, in set_ris
    result = ris_controller.process_and_send(params)
  File "C:\Users\Hsh\Desktop\RIS-20250306\RIS_API_SERVER\utils\ris_controller.py", line 35, in process_and_send
    packet = self._prepare_fixed_packet(
  File "C:\Users\Hsh\Desktop\RIS-20250306\RIS_API_SERVER\utils\ris_controller.py", line 104, in _prepare_fixed_packet
    with open(filename, 'r') as f:
FileNotFoundError: [Errno 2] No such file or directory: 'RIS_BusData/xi_200_yi_0_zi_390_xr_0_yr_0_zr_390.0_hex_data.txt'
2025-03-12 17:41:27,818 - app - INFO - Response Status: 500 INTERNAL SERVER ERROR
2025-03-12 17:41:27,818 - app - INFO - Response Headers: {'Content-Type': 'application/json', 'Content-Length': '201'}
2025-03-12 17:43:39,446 - app - INFO - Starting MATLAB engine...
2025-03-12 17:43:39,447 - utils.matlab_interface - INFO - Starting MATLAB engine...
2025-03-12 17:43:45,054 - utils.matlab_interface - INFO - Added MATLAB toolbox path: YTTEK_YTRS0289_release_2024_v1/release/UART/Tool
2025-03-12 17:43:45,055 - utils.matlab_interface - INFO - MATLAB engine started successfully
2025-03-12 17:43:45,055 - utils.matlab_ris_controller - INFO - MATLAB RIS控制器已初始化
2025-03-12 17:43:45,055 - app - INFO - MATLAB engine started successfully
2025-03-12 17:43:45,234 - waitress - INFO - Serving on http://0.0.0.0:5000
2025-03-12 17:43:46,594 - app - INFO - Request Headers: {'Content-Type': 'application/json', 'User-Agent': 'PostmanRuntime/7.43.0', 'Accept': '*/*', 'Cache-Control': 'no-cache', 'Postman-Token': '474b532b-3fd4-4930-83c2-d815ce711639', 'Host': 'localhost:5000', 'Accept-Encoding': 'gzip, deflate, br', 'Connection': 'keep-alive', 'Content-Length': '79'}
2025-03-12 17:43:46,595 - app - INFO - Request URL: POST http://localhost:5000/set_ris
2025-03-12 17:43:46,595 - app - INFO - Request Body: {'xr': 10, 'yr': 0, 'zr': 390, 'use_matlab': False}
2025-03-12 17:43:46,596 - app - INFO - Processing request with parameters: {'RIS_Case': 2, 'freq': 28.0, 'xi': 10.5, 'yi': 5.2, 'zi': 2.3, 'xr': 10.0, 'yr': 0.0, 'zr': 390.0, 'theta_i': 0.0, 'phi_i': 0.0, 'theta_r': 60.0, 'phi_r': 0.0, 'bits': 8.0, 'num_px': 1.0, 'num_py': 1.0, 'fig': 3.0, 'id_panel': '01', 'com_port': 14, 'use_matlab': False}
2025-03-12 17:43:46,596 - app - INFO - Using pre-calculated approach (方案二)
2025-03-12 17:43:46,596 - utils.ris_controller - INFO - Selected data file: RIS_BusData/xi_200_yi_0_zi_390_xr_0_yr_0_zr_390_hex_data.txt (distance: 10.00)
2025-03-12 17:43:46,597 - utils.ris_controller - INFO - Sending to RIS device on COM14
2025-03-12 17:43:46,615 - utils.ris_controller - INFO - Sending 810 bytes to COM14
2025-03-12 17:43:46,616 - utils.ris_controller - INFO - Data sent. Waiting for response...
2025-03-12 17:43:47,751 - utils.ris_controller - INFO - Received response: FE
2025-03-12 17:43:47,752 - app - INFO - Response Status: 200 OK
2025-03-12 17:43:47,753 - app - INFO - Response Headers: {'Content-Type': 'application/json', 'Content-Length': '91'}
2025-03-12 17:45:08,059 - app - INFO - Request Headers: {'Content-Type': 'application/json', 'User-Agent': 'PostmanRuntime/7.43.0', 'Accept': '*/*', 'Cache-Control': 'no-cache', 'Postman-Token': '95ddbe3f-672c-42c5-8849-1843a0e1b4fd', 'Host': 'localhost:5000', 'Accept-Encoding': 'gzip, deflate, br', 'Connection': 'keep-alive', 'Content-Length': '79'}
2025-03-12 17:45:08,059 - app - INFO - Request URL: POST http://localhost:5000/set_ris
2025-03-12 17:45:08,060 - app - INFO - Request Body: {'xr': 10, 'yr': 0, 'zr': 390, 'use_matlab': False}
2025-03-12 17:45:08,060 - app - INFO - Processing request with parameters: {'RIS_Case': 2, 'freq': 28.0, 'xi': 10.5, 'yi': 5.2, 'zi': 2.3, 'xr': 10.0, 'yr': 0.0, 'zr': 390.0, 'theta_i': 0.0, 'phi_i': 0.0, 'theta_r': 60.0, 'phi_r': 0.0, 'bits': 8.0, 'num_px': 1.0, 'num_py': 1.0, 'fig': 3.0, 'id_panel': '01', 'com_port': 14, 'use_matlab': False}
2025-03-12 17:45:08,061 - app - INFO - Using pre-calculated approach (方案二)
2025-03-12 17:45:08,061 - utils.ris_controller - INFO - Selected data file: RIS_BusData/xi_200_yi_0_zi_390_xr_0_yr_0_zr_390_hex_data.txt (distance: 10.00)
2025-03-12 17:45:08,062 - utils.ris_controller - INFO - Sending to RIS device on COM14
2025-03-12 17:45:08,073 - utils.ris_controller - INFO - Sending 810 bytes to COM14
2025-03-12 17:45:08,074 - utils.ris_controller - INFO - Data sent. Waiting for response...
2025-03-12 17:45:09,197 - utils.ris_controller - INFO - Received response: FE
2025-03-12 17:45:09,198 - app - INFO - Response Status: 200 OK
2025-03-12 17:45:09,198 - app - INFO - Response Headers: {'Content-Type': 'application/json', 'Content-Length': '91'}
2025-03-18 21:19:12,855 - waitress - INFO - Serving on http://0.0.0.0:5000
2025-03-18 21:20:06,289 - app - INFO - Request Headers: {'Host': '127.0.0.1:5000', 'Connection': 'keep-alive', 'Sec-Ch-Ua': '"Chromium";v="134", "Not:A-Brand";v="24", "Microsoft Edge";v="134"', 'Sec-Ch-Ua-Mobile': '?0', 'Sec-Ch-Ua-Platform': '"Windows"', 'Upgrade-Insecure-Requests': '1', 'User-Agent': 'Mozilla/5.0 (Windows NT 10.0; Win64; x64) AppleWebKit/537.36 (KHTML, like Gecko) Chrome/134.0.0.0 Safari/537.36 Edg/134.0.0.0', 'Accept': 'text/html,application/xhtml+xml,application/xml;q=0.9,image/avif,image/webp,image/apng,*/*;q=0.8,application/signed-exchange;v=b3;q=0.7', 'Sec-Fetch-Site': 'none', 'Sec-Fetch-Mode': 'navigate', 'Sec-Fetch-User': '?1', 'Sec-Fetch-Dest': 'document', 'Accept-Encoding': 'gzip, deflate, br, zstd', 'Accept-Language': 'en-US,en;q=0.9'}
2025-03-18 21:20:06,289 - app - INFO - Request URL: GET http://127.0.0.1:5000/
2025-03-18 21:20:06,289 - app - INFO - Response Status: 200 OK
2025-03-18 21:20:06,290 - app - INFO - Response Headers: {'Content-Type': 'text/html; charset=utf-8', 'Content-Length': '1696'}
2025-03-18 21:20:06,320 - app - INFO - Request Headers: {'Host': '127.0.0.1:5000', 'Connection': 'keep-alive', 'Sec-Ch-Ua-Platform': '"Windows"', 'User-Agent': 'Mozilla/5.0 (Windows NT 10.0; Win64; x64) AppleWebKit/537.36 (KHTML, like Gecko) Chrome/134.0.0.0 Safari/537.36 Edg/134.0.0.0', 'Sec-Ch-Ua': '"Chromium";v="134", "Not:A-Brand";v="24", "Microsoft Edge";v="134"', 'Sec-Ch-Ua-Mobile': '?0', 'Accept': 'image/avif,image/webp,image/apng,image/svg+xml,image/*,*/*;q=0.8', 'Sec-Fetch-Site': 'same-origin', 'Sec-Fetch-Mode': 'no-cors', 'Sec-Fetch-Dest': 'image', 'Referer': 'http://127.0.0.1:5000/', 'Accept-Encoding': 'gzip, deflate, br, zstd', 'Accept-Language': 'en-US,en;q=0.9'}
2025-03-18 21:20:06,321 - app - INFO - Request URL: GET http://127.0.0.1:5000/favicon.ico
2025-03-18 21:20:06,321 - app - INFO - Response Status: 404 NOT FOUND
2025-03-18 21:20:06,322 - app - INFO - Response Headers: {'Content-Type': 'application/json', 'Content-Length': '164'}
2025-03-18 21:21:10,934 - app - INFO - Request Headers: {'Content-Type': 'application/json', 'User-Agent': 'PostmanRuntime/7.43.2', 'Accept': '*/*', 'Cache-Control': 'no-cache', 'Postman-Token': '8e3fd512-2f54-41ed-9dea-781f5bab07cc', 'Host': '192.168.1.160:5000', 'Accept-Encoding': 'gzip, deflate, br', 'Connection': 'keep-alive', 'Content-Length': '79'}
2025-03-18 21:21:10,934 - app - INFO - Request URL: POST http://192.168.1.160:5000/set_ris
2025-03-18 21:21:10,935 - app - INFO - Request Body: {'xr': 10, 'yr': 0, 'zr': 390, 'use_matlab': False}
2025-03-18 21:21:10,935 - app - INFO - Processing request with parameters: {'RIS_Case': 2, 'freq': 28.0, 'xi': 10.5, 'yi': 5.2, 'zi': 2.3, 'xr': 10.0, 'yr': 0.0, 'zr': 390.0, 'theta_i': 0.0, 'phi_i': 0.0, 'theta_r': 60.0, 'phi_r': 0.0, 'bits': 8.0, 'num_px': 1.0, 'num_py': 1.0, 'fig': 3.0, 'id_panel': '01', 'com_port': 14}
2025-03-18 21:21:10,935 - app - INFO - Using pre-calculated approach
2025-03-18 21:21:10,936 - utils.ris_controller - INFO - Selected data file: RIS_BusData/xi_200_yi_0_zi_390_xr_0_yr_0_zr_390_hex_data.txt (distance: 10.00)
2025-03-18 21:21:10,936 - utils.ris_controller - INFO - Sending to RIS device on COM14
2025-03-18 21:21:10,937 - utils.ris_controller - ERROR - Error in serial communication: could not open port 'COM14': FileNotFoundError(2, '�t�Χ䤣����w���ɮסC', None, 2)
2025-03-18 21:21:10,937 - utils.ris_controller - ERROR - Error in RIS processing: could not open port 'COM14': FileNotFoundError(2, '�t�Χ䤣����w���ɮסC', None, 2)
Traceback (most recent call last):
  File "C:\Users\mitlab\ris_control\ris_backup\utils\ris_controller.py", line 50, in process_and_send
    self.send_via_serial(port_name, packet)
  File "C:\Users\mitlab\ris_control\ris_backup\utils\ris_controller.py", line 134, in send_via_serial
    ser = serial.Serial(
  File "C:\Users\mitlab\ris_control\ris_backup\.venv\lib\site-packages\serial\serialwin32.py", line 33, in __init__
    super(Serial, self).__init__(*args, **kwargs)
  File "C:\Users\mitlab\ris_control\ris_backup\.venv\lib\site-packages\serial\serialutil.py", line 244, in __init__
    self.open()
  File "C:\Users\mitlab\ris_control\ris_backup\.venv\lib\site-packages\serial\serialwin32.py", line 64, in open
    raise SerialException("could not open port {!r}: {!r}".format(self.portstr, ctypes.WinError()))
serial.serialutil.SerialException: could not open port 'COM14': FileNotFoundError(2, '�t�Χ䤣����w���ɮסC', None, 2)
2025-03-18 21:21:10,938 - app - ERROR - Error processing request: could not open port 'COM14': FileNotFoundError(2, '�t�Χ䤣����w���ɮסC', None, 2)
Traceback (most recent call last):
  File "C:\Users\mitlab\ris_control\ris_backup\app.py", line 103, in set_ris
    result = ris_controller.process_and_send(params)
  File "C:\Users\mitlab\ris_control\ris_backup\utils\ris_controller.py", line 50, in process_and_send
    self.send_via_serial(port_name, packet)
  File "C:\Users\mitlab\ris_control\ris_backup\utils\ris_controller.py", line 134, in send_via_serial
    ser = serial.Serial(
  File "C:\Users\mitlab\ris_control\ris_backup\.venv\lib\site-packages\serial\serialwin32.py", line 33, in __init__
    super(Serial, self).__init__(*args, **kwargs)
  File "C:\Users\mitlab\ris_control\ris_backup\.venv\lib\site-packages\serial\serialutil.py", line 244, in __init__
    self.open()
  File "C:\Users\mitlab\ris_control\ris_backup\.venv\lib\site-packages\serial\serialwin32.py", line 64, in open
    raise SerialException("could not open port {!r}: {!r}".format(self.portstr, ctypes.WinError()))
serial.serialutil.SerialException: could not open port 'COM14': FileNotFoundError(2, '�t�Χ䤣����w���ɮסC', None, 2)
2025-03-18 21:21:10,939 - app - INFO - Response Status: 500 INTERNAL SERVER ERROR
2025-03-18 21:21:10,939 - app - INFO - Response Headers: {'Content-Type': 'application/json', 'Content-Length': '228'}
